,Unnamed: 0,img_filename,original_emotion_label,actor,public_figure,posing,looking_at_camera,label_makes_sense,facial_expression,skin_tone
0,0,100158.jpg,6.0,0.0,0.0,0.0,1.0,1.0,0.0,0.0
1,1,100510.jpg,1.0,0.0,0.0,0.0,0.0,0.0,3.0,0.0
2,2,101008.jpg,2.0,0.0,0.0,0.0,1.0,1.0,0.0,2.0
3,3,10109.jpg,1.0,0.0,0.0,0.0,0.0,1.0,0.0,0.0
4,4,101307.jpg,1.0,0.0,0.0,0.0,0.0,0.0,3.0,1.0
5,5,101367.jpg,3.0,0.0,0.0,0.0,0.0,1.0,0.0,0.0
6,6,10161.jpg,0.0,0.0,0.0,0.0,0.0,0.0,0.0,
7,7,102005.jpg,3.0,0.0,0.0,1.0,1.0,0.0,3.0,0.0
8,8,102089.jpg,3.0,1.0,0.0,1.0,0.0,0.0,1.0,0.0
9,9,102112.jpg,0.0,0.0,0.0,0.0,1.0,0.0,0.0,5.0
10,10,102277.jpg,3.0,1.0,0.0,1.0,0.0,1.0,0.0,0.0
11,11,102501.jpg,6.0,0.0,0.0,0.0,0.0,0.0,6.0,0.0
12,12,102568.jpg,2.0,1.0,0.0,1.0,0.0,1.0,0.0,0.0
13,13,102676.jpg,1.0,0.0,0.0,1.0,1.0,0.0,3.0,0.0
14,14,102870.jpg,2.0,0.0,0.0,0.0,0.0,1.0,0.0,0.0
15,15,103120.jpg,,,,,,,,
16,16,103373.jpg,,,,,,,,
17,17,103519.jpg,,,,,,,,
18,18,103550.jpg,,,,,,,,
19,19,103592.jpg,,,,,,,,
20,20,103745.jpg,,,,,,,,
21,21,103978.jpg,,,,,,,,
22,22,104154.jpg,,,,,,,,
23,23,104260.jpg,,,,,,,,
24,24,104545.jpg,,,,,,,,
25,25,104766.jpg,,,,,,,,
26,26,104902.jpg,,,,,,,,
27,27,104937.jpg,,,,,,,,
28,28,105111.jpg,,,,,,,,
29,29,105255.jpg,,,,,,,,
30,30,105271.jpg,,,,,,,,
31,31,10543.jpg,,,,,,,,
32,32,105606.jpg,,,,,,,,
33,33,105728.jpg,,,,,,,,
34,34,105910.jpg,,,,,,,,
35,35,106220.jpg,,,,,,,,
36,36,106307.jpg,,,,,,,,
37,37,106692.jpg,,,,,,,,
38,38,106866.jpg,,,,,,,,
39,39,106927.jpg,,,,,,,,
40,40,107172.jpg,,,,,,,,
41,41,10729.jpg,,,,,,,,
42,42,107467.jpg,,,,,,,,
43,43,107549.jpg,,,,,,,,
44,44,107582.jpg,,,,,,,,
45,45,107712.jpg,,,,,,,,
46,46,108048.jpg,,,,,,,,
47,47,108253.jpg,,,,,,,,
48,48,108555.jpg,,,,,,,,
49,49,108579.jpg,,,,,,,,
50,50,108608.jpg,,,,,,,,
51,51,108913.jpg,,,,,,,,
52,52,108946.jpg,,,,,,,,
53,53,109119.jpg,,,,,,,,
54,54,109324.jpg,,,,,,,,
55,55,109628.jpg,,,,,,,,
56,56,109867.jpg,,,,,,,,
57,57,10988.jpg,,,,,,,,
58,58,109900.jpg,,,,,,,,
59,59,110022.jpg,,,,,,,,
60,60,110209.jpg,,,,,,,,
61,61,110327.jpg,,,,,,,,
62,62,110410.jpg,,,,,,,,
63,63,110461.jpg,,,,,,,,
64,64,110544.jpg,,,,,,,,
65,65,110647.jpg,,,,,,,,
66,66,110856.jpg,,,,,,,,
67,67,111130.jpg,,,,,,,,
68,68,111333.jpg,,,,,,,,
69,69,111396.jpg,,,,,,,,
70,70,111890.jpg,,,,,,,,
71,71,111930.jpg,,,,,,,,
72,72,112159.jpg,,,,,,,,
73,73,112180.jpg,,,,,,,,
74,74,11225.jpg,,,,,,,,
75,75,112263.jpg,,,,,,,,
76,76,112375.jpg,,,,,,,,
77,77,112469.jpg,,,,,,,,
78,78,112523.jpg,,,,,,,,
79,79,11260.jpg,,,,,,,,
80,80,112761.jpg,,,,,,,,
81,81,113629.jpg,,,,,,,,
82,82,114036.jpg,,,,,,,,
83,83,11407.jpg,,,,,,,,
84,84,114094.jpg,,,,,,,,
85,85,114352.jpg,,,,,,,,
86,86,114440.jpg,,,,,,,,
87,87,11447.jpg,,,,,,,,
88,88,114601.jpg,,,,,,,,
89,89,114750.jpg,,,,,,,,
90,90,114833.jpg,,,,,,,,
91,91,114834.jpg,,,,,,,,
92,92,114882.jpg,,,,,,,,
93,93,114889.jpg,,,,,,,,
94,94,115128.jpg,,,,,,,,
95,95,115154.jpg,,,,,,,,
96,96,115389.jpg,,,,,,,,
97,97,115543.jpg,,,,,,,,
98,98,115638.jpg,,,,,,,,
99,99,11586.jpg,,,,,,,,
100,100,115907.jpg,,,,,,,,
101,101,115942.jpg,,,,,,,,
102,102,116017.jpg,,,,,,,,
103,103,116114.jpg,,,,,,,,
104,104,116164.jpg,,,,,,,,
105,105,1166.jpg,,,,,,,,
106,106,116915.jpg,,,,,,,,
107,107,117215.jpg,,,,,,,,
108,108,117337.jpg,,,,,,,,
109,109,117637.jpg,,,,,,,,
110,110,11780.jpg,,,,,,,,
111,111,118121.jpg,,,,,,,,
112,112,118349.jpg,,,,,,,,
113,113,118440.jpg,,,,,,,,
114,114,11856.jpg,,,,,,,,
115,115,118814.jpg,,,,,,,,
116,116,118859.jpg,,,,,,,,
117,117,11888.jpg,,,,,,,,
118,118,119117.jpg,,,,,,,,
119,119,119836.jpg,,,,,,,,
120,120,119964.jpg,,,,,,,,
121,121,120285.jpg,,,,,,,,
122,122,120335.jpg,,,,,,,,
123,123,120570.jpg,,,,,,,,
124,124,120960.jpg,,,,,,,,
125,125,120981.jpg,,,,,,,,
126,126,120998.jpg,,,,,,,,
127,127,121021.jpg,,,,,,,,
128,128,121441.jpg,,,,,,,,
129,129,121450.jpg,,,,,,,,
130,130,12147.jpg,,,,,,,,
131,131,121900.jpg,,,,,,,,
132,132,122224.jpg,,,,,,,,
133,133,122357.jpg,,,,,,,,
134,134,122364.jpg,,,,,,,,
135,135,122730.jpg,,,,,,,,
136,136,122757.jpg,,,,,,,,
137,137,123113.jpg,,,,,,,,
138,138,123126.jpg,,,,,,,,
139,139,123240.jpg,,,,,,,,
140,140,123300.jpg,,,,,,,,
141,141,12353.jpg,,,,,,,,
142,142,123647.jpg,,,,,,,,
143,143,123674.jpg,,,,,,,,
144,144,123678.jpg,,,,,,,,
145,145,12399.jpg,,,,,,,,
146,146,124216.jpg,,,,,,,,
147,147,124427.jpg,,,,,,,,
148,148,124556.jpg,,,,,,,,
149,149,124735.jpg,,,,,,,,
150,150,124902.jpg,,,,,,,,
151,151,124935.jpg,,,,,,,,
152,152,124984.jpg,,,,,,,,
153,153,125061.jpg,,,,,,,,
154,154,125666.jpg,,,,,,,,
155,155,125723.jpg,,,,,,,,
156,156,125897.jpg,,,,,,,,
157,157,125965.jpg,,,,,,,,
158,158,126094.jpg,,,,,,,,
159,159,126194.jpg,,,,,,,,
160,160,126325.jpg,,,,,,,,
161,161,12687.jpg,,,,,,,,
162,162,126886.jpg,,,,,,,,
163,163,126922.jpg,,,,,,,,
164,164,127651.jpg,,,,,,,,
165,165,127763.jpg,,,,,,,,
166,166,128035.jpg,,,,,,,,
167,167,128256.jpg,,,,,,,,
168,168,12835.jpg,,,,,,,,
169,169,128398.jpg,,,,,,,,
170,170,128688.jpg,,,,,,,,
171,171,128699.jpg,,,,,,,,
172,172,129296.jpg,,,,,,,,
173,173,129524.jpg,,,,,,,,
174,174,1296.jpg,,,,,,,,
175,175,130080.jpg,,,,,,,,
176,176,130326.jpg,,,,,,,,
177,177,130339.jpg,,,,,,,,
178,178,130377.jpg,,,,,,,,
179,179,130388.jpg,,,,,,,,
180,180,130395.jpg,,,,,,,,
181,181,130423.jpg,,,,,,,,
182,182,130436.jpg,,,,,,,,
183,183,130519.jpg,,,,,,,,
184,184,130566.jpg,,,,,,,,
185,185,130578.jpg,,,,,,,,
186,186,130814.jpg,,,,,,,,
187,187,130851.jpg,,,,,,,,
188,188,13093.jpg,,,,,,,,
189,189,130996.jpg,,,,,,,,
190,190,131264.jpg,,,,,,,,
191,191,1314.jpg,,,,,,,,
192,192,131689.jpg,,,,,,,,
193,193,131751.jpg,,,,,,,,
194,194,131986.jpg,,,,,,,,
195,195,132058.jpg,,,,,,,,
196,196,132366.jpg,,,,,,,,
197,197,132417.jpg,,,,,,,,
198,198,132527.jpg,,,,,,,,
199,199,132654.jpg,,,,,,,,
200,200,133035.jpg,,,,,,,,
201,201,133302.jpg,,,,,,,,
202,202,133344.jpg,,,,,,,,
203,203,133800.jpg,,,,,,,,
204,204,133806.jpg,,,,,,,,
205,205,133812.jpg,,,,,,,,
206,206,133988.jpg,,,,,,,,
207,207,134090.jpg,,,,,,,,
208,208,134096.jpg,,,,,,,,
209,209,134385.jpg,,,,,,,,
210,210,134447.jpg,,,,,,,,
211,211,134716.jpg,,,,,,,,
212,212,134837.jpg,,,,,,,,
213,213,13484.jpg,,,,,,,,
214,214,134913.jpg,,,,,,,,
215,215,134941.jpg,,,,,,,,
216,216,134980.jpg,,,,,,,,
217,217,135098.jpg,,,,,,,,
218,218,135268.jpg,,,,,,,,
219,219,135664.jpg,,,,,,,,
220,220,135890.jpg,,,,,,,,
221,221,136028.jpg,,,,,,,,
222,222,136065.jpg,,,,,,,,
223,223,136124.jpg,,,,,,,,
224,224,136142.jpg,,,,,,,,
225,225,136235.jpg,,,,,,,,
226,226,136314.jpg,,,,,,,,
227,227,136599.jpg,,,,,,,,
228,228,136678.jpg,,,,,,,,
229,229,136683.jpg,,,,,,,,
230,230,136727.jpg,,,,,,,,
231,231,136819.jpg,,,,,,,,
232,232,136877.jpg,,,,,,,,
233,233,136993.jpg,,,,,,,,
234,234,137209.jpg,,,,,,,,
235,235,137320.jpg,,,,,,,,
236,236,137384.jpg,,,,,,,,
237,237,137463.jpg,,,,,,,,
238,238,137873.jpg,,,,,,,,
239,239,138025.jpg,,,,,,,,
240,240,138152.jpg,,,,,,,,
241,241,138207.jpg,,,,,,,,
242,242,138298.jpg,,,,,,,,
243,243,138341.jpg,,,,,,,,
244,244,138594.jpg,,,,,,,,
245,245,138752.jpg,,,,,,,,
246,246,138767.jpg,,,,,,,,
247,247,13908.jpg,,,,,,,,
248,248,139114.jpg,,,,,,,,
249,249,139288.jpg,,,,,,,,
250,250,139543.jpg,,,,,,,,
251,251,139597.jpg,,,,,,,,
252,252,139721.jpg,,,,,,,,
253,253,139723.jpg,,,,,,,,
254,254,139845.jpg,,,,,,,,
255,255,140009.jpg,,,,,,,,
256,256,140051.jpg,,,,,,,,
257,257,140472.jpg,,,,,,,,
258,258,140492.jpg,,,,,,,,
259,259,140678.jpg,,,,,,,,
260,260,140893.jpg,,,,,,,,
261,261,140917.jpg,,,,,,,,
262,262,140956.jpg,,,,,,,,
263,263,14117.jpg,,,,,,,,
264,264,141212.jpg,,,,,,,,
265,265,141229.jpg,,,,,,,,
266,266,1413.jpg,,,,,,,,
267,267,141514.jpg,,,,,,,,
268,268,141881.jpg,,,,,,,,
269,269,141956.jpg,,,,,,,,
270,270,142039.jpg,,,,,,,,
271,271,142094.jpg,,,,,,,,
272,272,142109.jpg,,,,,,,,
273,273,142243.jpg,,,,,,,,
274,274,142299.jpg,,,,,,,,
275,275,142682.jpg,,,,,,,,
276,276,142711.jpg,,,,,,,,
277,277,143422.jpg,,,,,,,,
278,278,143514.jpg,,,,,,,,
279,279,143616.jpg,,,,,,,,
280,280,144045.jpg,,,,,,,,
281,281,14410.jpg,,,,,,,,
282,282,144174.jpg,,,,,,,,
283,283,144285.jpg,,,,,,,,
284,284,144386.jpg,,,,,,,,
285,285,144495.jpg,,,,,,,,
286,286,145063.jpg,,,,,,,,
287,287,145097.jpg,,,,,,,,
288,288,145151.jpg,,,,,,,,
289,289,145212.jpg,,,,,,,,
290,290,145296.jpg,,,,,,,,
291,291,1453.jpg,,,,,,,,
292,292,145304.jpg,,,,,,,,
293,293,145370.jpg,,,,,,,,
294,294,145583.jpg,,,,,,,,
295,295,145653.jpg,,,,,,,,
296,296,146023.jpg,,,,,,,,
297,297,146155.jpg,,,,,,,,
298,298,146244.jpg,,,,,,,,
299,299,146454.jpg,,,,,,,,
300,300,146523.jpg,,,,,,,,
301,301,146917.jpg,,,,,,,,
302,302,147026.jpg,,,,,,,,
303,303,147051.jpg,,,,,,,,
304,304,147226.jpg,,,,,,,,
305,305,147392.jpg,,,,,,,,
306,306,14750.jpg,,,,,,,,
307,307,147602.jpg,,,,,,,,
308,308,147783.jpg,,,,,,,,
309,309,147831.jpg,,,,,,,,
310,310,14811.jpg,,,,,,,,
311,311,148346.jpg,,,,,,,,
312,312,148425.jpg,,,,,,,,
313,313,148595.jpg,,,,,,,,
314,314,148765.jpg,,,,,,,,
315,315,149078.jpg,,,,,,,,
316,316,14908.jpg,,,,,,,,
317,317,149543.jpg,,,,,,,,
318,318,149603.jpg,,,,,,,,
319,319,14963.jpg,,,,,,,,
320,320,149672.jpg,,,,,,,,
321,321,149949.jpg,,,,,,,,
322,322,150155.jpg,,,,,,,,
323,323,150371.jpg,,,,,,,,
324,324,150460.jpg,,,,,,,,
325,325,150514.jpg,,,,,,,,
326,326,150527.jpg,,,,,,,,
327,327,150674.jpg,,,,,,,,
328,328,150898.jpg,,,,,,,,
329,329,150909.jpg,,,,,,,,
330,330,15092.jpg,,,,,,,,
331,331,151182.jpg,,,,,,,,
332,332,151204.jpg,,,,,,,,
333,333,15128.jpg,,,,,,,,
334,334,151473.jpg,,,,,,,,
335,335,151748.jpg,,,,,,,,
336,336,151798.jpg,,,,,,,,
337,337,152059.jpg,,,,,,,,
338,338,152086.jpg,,,,,,,,
339,339,152101.jpg,,,,,,,,
340,340,152259.jpg,,,,,,,,
341,341,152606.jpg,,,,,,,,
342,342,152626.jpg,,,,,,,,
343,343,152635.jpg,,,,,,,,
344,344,152717.jpg,,,,,,,,
345,345,153093.jpg,,,,,,,,
346,346,153171.jpg,,,,,,,,
347,347,153523.jpg,,,,,,,,
348,348,153609.jpg,,,,,,,,
349,349,15384.jpg,,,,,,,,
350,350,154159.jpg,,,,,,,,
351,351,1542.jpg,,,,,,,,
352,352,154446.jpg,,,,,,,,
353,353,15447.jpg,,,,,,,,
354,354,154526.jpg,,,,,,,,
355,355,154561.jpg,,,,,,,,
356,356,154609.jpg,,,,,,,,
357,357,154683.jpg,,,,,,,,
358,358,15482.jpg,,,,,,,,
359,359,154837.jpg,,,,,,,,
360,360,155008.jpg,,,,,,,,
361,361,155405.jpg,,,,,,,,
362,362,155408.jpg,,,,,,,,
363,363,155597.jpg,,,,,,,,
364,364,155797.jpg,,,,,,,,
365,365,155804.jpg,,,,,,,,
366,366,155916.jpg,,,,,,,,
367,367,156033.jpg,,,,,,,,
368,368,156159.jpg,,,,,,,,
369,369,156750.jpg,,,,,,,,
370,370,156809.jpg,,,,,,,,
371,371,15688.jpg,,,,,,,,
372,372,15725.jpg,,,,,,,,
373,373,157660.jpg,,,,,,,,
374,374,157673.jpg,,,,,,,,
375,375,157691.jpg,,,,,,,,
376,376,15816.jpg,,,,,,,,
377,377,158296.jpg,,,,,,,,
378,378,158394.jpg,,,,,,,,
379,379,158562.jpg,,,,,,,,
380,380,158645.jpg,,,,,,,,
381,381,15868.jpg,,,,,,,,
382,382,158878.jpg,,,,,,,,
383,383,158946.jpg,,,,,,,,
384,384,158995.jpg,,,,,,,,
385,385,159123.jpg,,,,,,,,
386,386,159451.jpg,,,,,,,,
387,387,159534.jpg,,,,,,,,
388,388,159693.jpg,,,,,,,,
389,389,160127.jpg,,,,,,,,
390,390,16018.jpg,,,,,,,,
391,391,160279.jpg,,,,,,,,
392,392,160488.jpg,,,,,,,,
393,393,16098.jpg,,,,,,,,
394,394,161018.jpg,,,,,,,,
395,395,161019.jpg,,,,,,,,
396,396,161280.jpg,,,,,,,,
397,397,16155.jpg,,,,,,,,
398,398,161659.jpg,,,,,,,,
399,399,161701.jpg,,,,,,,,
400,400,16204.jpg,,,,,,,,
401,401,162300.jpg,,,,,,,,
402,402,162409.jpg,,,,,,,,
403,403,16242.jpg,,,,,,,,
404,404,162935.jpg,,,,,,,,
405,405,162983.jpg,,,,,,,,
406,406,16310.jpg,,,,,,,,
407,407,163245.jpg,,,,,,,,
408,408,163503.jpg,,,,,,,,
409,409,163540.jpg,,,,,,,,
410,410,163655.jpg,,,,,,,,
411,411,163665.jpg,,,,,,,,
412,412,163699.jpg,,,,,,,,
413,413,163810.jpg,,,,,,,,
414,414,16396.jpg,,,,,,,,
415,415,163972.jpg,,,,,,,,
416,416,164022.jpg,,,,,,,,
417,417,164315.jpg,,,,,,,,
418,418,164355.jpg,,,,,,,,
419,419,164754.jpg,,,,,,,,
420,420,165150.jpg,,,,,,,,
421,421,165384.jpg,,,,,,,,
422,422,165712.jpg,,,,,,,,
423,423,165927.jpg,,,,,,,,
424,424,165939.jpg,,,,,,,,
425,425,166255.jpg,,,,,,,,
426,426,166422.jpg,,,,,,,,
427,427,166516.jpg,,,,,,,,
428,428,166720.jpg,,,,,,,,
429,429,166762.jpg,,,,,,,,
430,430,166861.jpg,,,,,,,,
431,431,166938.jpg,,,,,,,,
432,432,167084.jpg,,,,,,,,
433,433,167324.jpg,,,,,,,,
434,434,167440.jpg,,,,,,,,
435,435,167678.jpg,,,,,,,,
436,436,167694.jpg,,,,,,,,
437,437,167767.jpg,,,,,,,,
438,438,168416.jpg,,,,,,,,
439,439,168473.jpg,,,,,,,,
440,440,169000.jpg,,,,,,,,
441,441,169012.jpg,,,,,,,,
442,442,169210.jpg,,,,,,,,
443,443,169467.jpg,,,,,,,,
444,444,169479.jpg,,,,,,,,
445,445,169568.jpg,,,,,,,,
446,446,169838.jpg,,,,,,,,
447,447,170373.jpg,,,,,,,,
448,448,17048.jpg,,,,,,,,
449,449,171242.jpg,,,,,,,,
450,450,1714.jpg,,,,,,,,
451,451,1715.jpg,,,,,,,,
452,452,171577.jpg,,,,,,,,
453,453,171611.jpg,,,,,,,,
454,454,171745.jpg,,,,,,,,
455,455,171926.jpg,,,,,,,,
456,456,172022.jpg,,,,,,,,
457,457,172139.jpg,,,,,,,,
458,458,172166.jpg,,,,,,,,
459,459,172500.jpg,,,,,,,,
460,460,172527.jpg,,,,,,,,
461,461,173238.jpg,,,,,,,,
462,462,173358.jpg,,,,,,,,
463,463,173592.jpg,,,,,,,,
464,464,173644.jpg,,,,,,,,
465,465,174291.jpg,,,,,,,,
466,466,174325.jpg,,,,,,,,
467,467,174370.jpg,,,,,,,,
468,468,174480.jpg,,,,,,,,
469,469,174974.jpg,,,,,,,,
470,470,17504.jpg,,,,,,,,
471,471,175258.jpg,,,,,,,,
472,472,175338.jpg,,,,,,,,
473,473,175373.jpg,,,,,,,,
474,474,175607.jpg,,,,,,,,
475,475,175622.jpg,,,,,,,,
476,476,175928.jpg,,,,,,,,
477,477,176389.jpg,,,,,,,,
478,478,176733.jpg,,,,,,,,
479,479,177026.jpg,,,,,,,,
480,480,177057.jpg,,,,,,,,
481,481,177101.jpg,,,,,,,,
482,482,177121.jpg,,,,,,,,
483,483,177301.jpg,,,,,,,,
484,484,177365.jpg,,,,,,,,
485,485,177743.jpg,,,,,,,,
486,486,178509.jpg,,,,,,,,
487,487,178692.jpg,,,,,,,,
488,488,178851.jpg,,,,,,,,
489,489,179041.jpg,,,,,,,,
490,490,179450.jpg,,,,,,,,
491,491,179535.jpg,,,,,,,,
492,492,179562.jpg,,,,,,,,
493,493,179797.jpg,,,,,,,,
494,494,179910.jpg,,,,,,,,
495,495,18004.jpg,,,,,,,,
496,496,180245.jpg,,,,,,,,
497,497,180290.jpg,,,,,,,,
498,498,18048.jpg,,,,,,,,
499,499,180537.jpg,,,,,,,,
500,500,180566.jpg,,,,,,,,
501,501,180636.jpg,,,,,,,,
502,502,181123.jpg,,,,,,,,
503,503,181292.jpg,,,,,,,,
504,504,181804.jpg,,,,,,,,
505,505,181820.jpg,,,,,,,,
506,506,182112.jpg,,,,,,,,
507,507,182247.jpg,,,,,,,,
508,508,182374.jpg,,,,,,,,
509,509,182770.jpg,,,,,,,,
510,510,182914.jpg,,,,,,,,
511,511,183205.jpg,,,,,,,,
512,512,183293.jpg,,,,,,,,
513,513,183411.jpg,,,,,,,,
514,514,183412.jpg,,,,,,,,
515,515,183437.jpg,,,,,,,,
516,516,183479.jpg,,,,,,,,
517,517,183767.jpg,,,,,,,,
518,518,18377.jpg,,,,,,,,
519,519,183818.jpg,,,,,,,,
520,520,183819.jpg,,,,,,,,
521,521,183945.jpg,,,,,,,,
522,522,184383.jpg,,,,,,,,
523,523,184453.jpg,,,,,,,,
524,524,185118.jpg,,,,,,,,
525,525,185256.jpg,,,,,,,,
526,526,185281.jpg,,,,,,,,
527,527,185401.jpg,,,,,,,,
528,528,18551.jpg,,,,,,,,
529,529,185622.jpg,,,,,,,,
530,530,185623.jpg,,,,,,,,
531,531,185704.jpg,,,,,,,,
532,532,185921.jpg,,,,,,,,
533,533,186017.jpg,,,,,,,,
534,534,186179.jpg,,,,,,,,
535,535,186247.jpg,,,,,,,,
536,536,186284.jpg,,,,,,,,
537,537,18632.jpg,,,,,,,,
538,538,186457.jpg,,,,,,,,
539,539,186902.jpg,,,,,,,,
540,540,186923.jpg,,,,,,,,
541,541,187201.jpg,,,,,,,,
542,542,187517.jpg,,,,,,,,
543,543,187536.jpg,,,,,,,,
544,544,187570.jpg,,,,,,,,
545,545,187587.jpg,,,,,,,,
546,546,187646.jpg,,,,,,,,
547,547,187774.jpg,,,,,,,,
548,548,187863.jpg,,,,,,,,
549,549,188138.jpg,,,,,,,,
550,550,188166.jpg,,,,,,,,
551,551,188209.jpg,,,,,,,,
552,552,188252.jpg,,,,,,,,
553,553,188553.jpg,,,,,,,,
554,554,18862.jpg,,,,,,,,
555,555,188683.jpg,,,,,,,,
556,556,188737.jpg,,,,,,,,
557,557,188797.jpg,,,,,,,,
558,558,189038.jpg,,,,,,,,
559,559,189087.jpg,,,,,,,,
560,560,189090.jpg,,,,,,,,
561,561,189396.jpg,,,,,,,,
562,562,189683.jpg,,,,,,,,
563,563,189788.jpg,,,,,,,,
564,564,189794.jpg,,,,,,,,
565,565,190059.jpg,,,,,,,,
566,566,19026.jpg,,,,,,,,
567,567,190280.jpg,,,,,,,,
568,568,190293.jpg,,,,,,,,
569,569,190581.jpg,,,,,,,,
570,570,190981.jpg,,,,,,,,
571,571,191229.jpg,,,,,,,,
572,572,191248.jpg,,,,,,,,
573,573,191360.jpg,,,,,,,,
574,574,191473.jpg,,,,,,,,
575,575,191616.jpg,,,,,,,,
576,576,191619.jpg,,,,,,,,
577,577,191632.jpg,,,,,,,,
578,578,191710.jpg,,,,,,,,
579,579,191810.jpg,,,,,,,,
580,580,192017.jpg,,,,,,,,
581,581,192730.jpg,,,,,,,,
582,582,192891.jpg,,,,,,,,
583,583,192915.jpg,,,,,,,,
584,584,193325.jpg,,,,,,,,
585,585,193694.jpg,,,,,,,,
586,586,193934.jpg,,,,,,,,
587,587,194113.jpg,,,,,,,,
588,588,194165.jpg,,,,,,,,
589,589,194202.jpg,,,,,,,,
590,590,194584.jpg,,,,,,,,
591,591,194762.jpg,,,,,,,,
592,592,194929.jpg,,,,,,,,
593,593,195027.jpg,,,,,,,,
594,594,195111.jpg,,,,,,,,
595,595,195764.jpg,,,,,,,,
596,596,195786.jpg,,,,,,,,
597,597,195904.jpg,,,,,,,,
598,598,196002.jpg,,,,,,,,
599,599,196121.jpg,,,,,,,,
600,600,196216.jpg,,,,,,,,
601,601,196237.jpg,,,,,,,,
602,602,196387.jpg,,,,,,,,
603,603,19642.jpg,,,,,,,,
604,604,196512.jpg,,,,,,,,
605,605,196516.jpg,,,,,,,,
606,606,197015.jpg,,,,,,,,
607,607,19714.jpg,,,,,,,,
608,608,197371.jpg,,,,,,,,
609,609,197378.jpg,,,,,,,,
610,610,198210.jpg,,,,,,,,
611,611,198250.jpg,,,,,,,,
612,612,198631.jpg,,,,,,,,
613,613,198641.jpg,,,,,,,,
614,614,19872.jpg,,,,,,,,
615,615,199103.jpg,,,,,,,,
616,616,199193.jpg,,,,,,,,
617,617,199279.jpg,,,,,,,,
618,618,199314.jpg,,,,,,,,
619,619,19933.jpg,,,,,,,,
620,620,19943.jpg,,,,,,,,
621,621,199437.jpg,,,,,,,,
622,622,199495.jpg,,,,,,,,
623,623,19973.jpg,,,,,,,,
624,624,200115.jpg,,,,,,,,
625,625,200159.jpg,,,,,,,,
626,626,200768.jpg,,,,,,,,
627,627,200865.jpg,,,,,,,,
628,628,200896.jpg,,,,,,,,
629,629,200929.jpg,,,,,,,,
630,630,201026.jpg,,,,,,,,
631,631,201300.jpg,,,,,,,,
632,632,201530.jpg,,,,,,,,
633,633,201854.jpg,,,,,,,,
634,634,201889.jpg,,,,,,,,
635,635,202333.jpg,,,,,,,,
636,636,20239.jpg,,,,,,,,
637,637,202596.jpg,,,,,,,,
638,638,202642.jpg,,,,,,,,
639,639,203012.jpg,,,,,,,,
640,640,20308.jpg,,,,,,,,
641,641,203244.jpg,,,,,,,,
642,642,203485.jpg,,,,,,,,
643,643,203899.jpg,,,,,,,,
644,644,204171.jpg,,,,,,,,
645,645,204308.jpg,,,,,,,,
646,646,204311.jpg,,,,,,,,
647,647,204339.jpg,,,,,,,,
648,648,20453.jpg,,,,,,,,
649,649,205652.jpg,,,,,,,,
650,650,205733.jpg,,,,,,,,
651,651,205840.jpg,,,,,,,,
652,652,205914.jpg,,,,,,,,
653,653,206575.jpg,,,,,,,,
654,654,206671.jpg,,,,,,,,
655,655,20671.jpg,,,,,,,,
656,656,206729.jpg,,,,,,,,
657,657,206742.jpg,,,,,,,,
658,658,20692.jpg,,,,,,,,
659,659,207018.jpg,,,,,,,,
660,660,207058.jpg,,,,,,,,
661,661,207459.jpg,,,,,,,,
662,662,207781.jpg,,,,,,,,
663,663,20785.jpg,,,,,,,,
664,664,207917.jpg,,,,,,,,
665,665,207965.jpg,,,,,,,,
666,666,208100.jpg,,,,,,,,
667,667,208106.jpg,,,,,,,,
668,668,208363.jpg,,,,,,,,
669,669,20850.jpg,,,,,,,,
670,670,208594.jpg,,,,,,,,
671,671,208721.jpg,,,,,,,,
672,672,208803.jpg,,,,,,,,
673,673,208842.jpg,,,,,,,,
674,674,208843.jpg,,,,,,,,
675,675,209157.jpg,,,,,,,,
676,676,209175.jpg,,,,,,,,
677,677,209533.jpg,,,,,,,,
678,678,209541.jpg,,,,,,,,
679,679,209543.jpg,,,,,,,,
680,680,209800.jpg,,,,,,,,
681,681,21001.jpg,,,,,,,,
682,682,210263.jpg,,,,,,,,
683,683,210578.jpg,,,,,,,,
684,684,211278.jpg,,,,,,,,
685,685,211312.jpg,,,,,,,,
686,686,211401.jpg,,,,,,,,
687,687,211632.jpg,,,,,,,,
688,688,211995.jpg,,,,,,,,
689,689,212019.jpg,,,,,,,,
690,690,212177.jpg,,,,,,,,
691,691,212254.jpg,,,,,,,,
692,692,21227.jpg,,,,,,,,
693,693,212303.jpg,,,,,,,,
694,694,212482.jpg,,,,,,,,
695,695,21255.jpg,,,,,,,,
696,696,212862.jpg,,,,,,,,
697,697,21289.jpg,,,,,,,,
698,698,213210.jpg,,,,,,,,
699,699,213292.jpg,,,,,,,,
700,700,213613.jpg,,,,,,,,
701,701,213703.jpg,,,,,,,,
702,702,213796.jpg,,,,,,,,
703,703,213912.jpg,,,,,,,,
704,704,213950.jpg,,,,,,,,
705,705,214347.jpg,,,,,,,,
706,706,214462.jpg,,,,,,,,
707,707,214507.jpg,,,,,,,,
708,708,21451.jpg,,,,,,,,
709,709,214575.jpg,,,,,,,,
710,710,214678.jpg,,,,,,,,
711,711,214823.jpg,,,,,,,,
712,712,215415.jpg,,,,,,,,
713,713,215578.jpg,,,,,,,,
714,714,215661.jpg,,,,,,,,
715,715,215739.jpg,,,,,,,,
716,716,215889.jpg,,,,,,,,
717,717,215942.jpg,,,,,,,,
718,718,21607.jpg,,,,,,,,
719,719,216424.jpg,,,,,,,,
720,720,216452.jpg,,,,,,,,
721,721,216566.jpg,,,,,,,,
722,722,216621.jpg,,,,,,,,
723,723,216824.jpg,,,,,,,,
724,724,216876.jpg,,,,,,,,
725,725,217036.jpg,,,,,,,,
726,726,217256.jpg,,,,,,,,
727,727,21750.jpg,,,,,,,,
728,728,217579.jpg,,,,,,,,
729,729,217614.jpg,,,,,,,,
730,730,217634.jpg,,,,,,,,
731,731,217675.jpg,,,,,,,,
732,732,217841.jpg,,,,,,,,
733,733,218235.jpg,,,,,,,,
734,734,218448.jpg,,,,,,,,
735,735,218482.jpg,,,,,,,,
736,736,218977.jpg,,,,,,,,
737,737,218983.jpg,,,,,,,,
738,738,219023.jpg,,,,,,,,
739,739,219373.jpg,,,,,,,,
740,740,219374.jpg,,,,,,,,
741,741,219480.jpg,,,,,,,,
742,742,219496.jpg,,,,,,,,
743,743,2195.jpg,,,,,,,,
744,744,219649.jpg,,,,,,,,
745,745,219663.jpg,,,,,,,,
746,746,219723.jpg,,,,,,,,
747,747,219968.jpg,,,,,,,,
748,748,220050.jpg,,,,,,,,
749,749,220116.jpg,,,,,,,,
750,750,220141.jpg,,,,,,,,
751,751,220234.jpg,,,,,,,,
752,752,220547.jpg,,,,,,,,
753,753,220572.jpg,,,,,,,,
754,754,220817.jpg,,,,,,,,
755,755,221103.jpg,,,,,,,,
756,756,221180.jpg,,,,,,,,
757,757,221231.jpg,,,,,,,,
758,758,221438.jpg,,,,,,,,
759,759,221443.jpg,,,,,,,,
760,760,221762.jpg,,,,,,,,
761,761,22190.jpg,,,,,,,,
762,762,222158.jpg,,,,,,,,
763,763,222207.jpg,,,,,,,,
764,764,222431.jpg,,,,,,,,
765,765,222505.jpg,,,,,,,,
766,766,222508.jpg,,,,,,,,
767,767,222649.jpg,,,,,,,,
768,768,222761.jpg,,,,,,,,
769,769,222901.jpg,,,,,,,,
770,770,222979.jpg,,,,,,,,
771,771,223031.jpg,,,,,,,,
772,772,223338.jpg,,,,,,,,
773,773,223611.jpg,,,,,,,,
774,774,223836.jpg,,,,,,,,
775,775,224076.jpg,,,,,,,,
776,776,22432.jpg,,,,,,,,
777,777,224329.jpg,,,,,,,,
778,778,224600.jpg,,,,,,,,
779,779,225105.jpg,,,,,,,,
780,780,225124.jpg,,,,,,,,
781,781,225189.jpg,,,,,,,,
782,782,225481.jpg,,,,,,,,
783,783,225636.jpg,,,,,,,,
784,784,225860.jpg,,,,,,,,
785,785,225965.jpg,,,,,,,,
786,786,225973.jpg,,,,,,,,
787,787,226637.jpg,,,,,,,,
788,788,226792.jpg,,,,,,,,
789,789,227022.jpg,,,,,,,,
790,790,227031.jpg,,,,,,,,
791,791,227182.jpg,,,,,,,,
792,792,227409.jpg,,,,,,,,
793,793,227445.jpg,,,,,,,,
794,794,228052.jpg,,,,,,,,
795,795,228297.jpg,,,,,,,,
796,796,228304.jpg,,,,,,,,
797,797,228340.jpg,,,,,,,,
798,798,228418.jpg,,,,,,,,
799,799,228567.jpg,,,,,,,,
800,800,228677.jpg,,,,,,,,
801,801,228691.jpg,,,,,,,,
802,802,229009.jpg,,,,,,,,
803,803,229297.jpg,,,,,,,,
804,804,229684.jpg,,,,,,,,
805,805,229985.jpg,,,,,,,,
806,806,230349.jpg,,,,,,,,
807,807,230444.jpg,,,,,,,,
808,808,230635.jpg,,,,,,,,
809,809,230674.jpg,,,,,,,,
810,810,230682.jpg,,,,,,,,
811,811,230753.jpg,,,,,,,,
812,812,230770.jpg,,,,,,,,
813,813,231029.jpg,,,,,,,,
814,814,231081.jpg,,,,,,,,
815,815,231447.jpg,,,,,,,,
816,816,231883.jpg,,,,,,,,
817,817,2319.jpg,,,,,,,,
818,818,231907.jpg,,,,,,,,
819,819,23202.jpg,,,,,,,,
820,820,232095.jpg,,,,,,,,
821,821,232393.jpg,,,,,,,,
822,822,233318.jpg,,,,,,,,
823,823,233671.jpg,,,,,,,,
824,824,233735.jpg,,,,,,,,
825,825,233943.jpg,,,,,,,,
826,826,233978.jpg,,,,,,,,
827,827,233982.jpg,,,,,,,,
828,828,234220.jpg,,,,,,,,
829,829,234228.jpg,,,,,,,,
830,830,234512.jpg,,,,,,,,
831,831,234595.jpg,,,,,,,,
832,832,234694.jpg,,,,,,,,
833,833,235178.jpg,,,,,,,,
834,834,23523.jpg,,,,,,,,
835,835,235442.jpg,,,,,,,,
836,836,235524.jpg,,,,,,,,
837,837,235611.jpg,,,,,,,,
838,838,235631.jpg,,,,,,,,
839,839,235981.jpg,,,,,,,,
840,840,236042.jpg,,,,,,,,
841,841,23607.jpg,,,,,,,,
842,842,236091.jpg,,,,,,,,
843,843,236097.jpg,,,,,,,,
844,844,236115.jpg,,,,,,,,
845,845,236379.jpg,,,,,,,,
846,846,236782.jpg,,,,,,,,
847,847,236882.jpg,,,,,,,,
848,848,236936.jpg,,,,,,,,
849,849,237119.jpg,,,,,,,,
850,850,237186.jpg,,,,,,,,
851,851,23720.jpg,,,,,,,,
852,852,237379.jpg,,,,,,,,
853,853,237666.jpg,,,,,,,,
854,854,237719.jpg,,,,,,,,
855,855,237773.jpg,,,,,,,,
856,856,237791.jpg,,,,,,,,
857,857,237874.jpg,,,,,,,,
858,858,237915.jpg,,,,,,,,
859,859,237922.jpg,,,,,,,,
860,860,238054.jpg,,,,,,,,
861,861,238343.jpg,,,,,,,,
862,862,238668.jpg,,,,,,,,
863,863,239108.jpg,,,,,,,,
864,864,239323.jpg,,,,,,,,
865,865,239835.jpg,,,,,,,,
866,866,239918.jpg,,,,,,,,
867,867,23993.jpg,,,,,,,,
868,868,239952.jpg,,,,,,,,
869,869,240490.jpg,,,,,,,,
870,870,240656.jpg,,,,,,,,
871,871,240802.jpg,,,,,,,,
872,872,240866.jpg,,,,,,,,
873,873,241491.jpg,,,,,,,,
874,874,241545.jpg,,,,,,,,
875,875,241673.jpg,,,,,,,,
876,876,241758.jpg,,,,,,,,
877,877,241941.jpg,,,,,,,,
878,878,242577.jpg,,,,,,,,
879,879,24260.jpg,,,,,,,,
880,880,242838.jpg,,,,,,,,
881,881,242959.jpg,,,,,,,,
882,882,242976.jpg,,,,,,,,
883,883,243095.jpg,,,,,,,,
884,884,243162.jpg,,,,,,,,
885,885,243189.jpg,,,,,,,,
886,886,24327.jpg,,,,,,,,
887,887,243285.jpg,,,,,,,,
888,888,243347.jpg,,,,,,,,
889,889,2434.jpg,,,,,,,,
890,890,243431.jpg,,,,,,,,
891,891,24352.jpg,,,,,,,,
892,892,243764.jpg,,,,,,,,
893,893,24401.jpg,,,,,,,,
894,894,244053.jpg,,,,,,,,
895,895,244063.jpg,,,,,,,,
896,896,244396.jpg,,,,,,,,
897,897,244724.jpg,,,,,,,,
898,898,244830.jpg,,,,,,,,
899,899,244887.jpg,,,,,,,,
900,900,245065.jpg,,,,,,,,
901,901,245100.jpg,,,,,,,,
902,902,245354.jpg,,,,,,,,
903,903,245808.jpg,,,,,,,,
904,904,246067.jpg,,,,,,,,
905,905,246072.jpg,,,,,,,,
906,906,246175.jpg,,,,,,,,
907,907,246260.jpg,,,,,,,,
908,908,246497.jpg,,,,,,,,
909,909,246540.jpg,,,,,,,,
910,910,246849.jpg,,,,,,,,
911,911,246898.jpg,,,,,,,,
912,912,24690.jpg,,,,,,,,
913,913,24707.jpg,,,,,,,,
914,914,247239.jpg,,,,,,,,
915,915,247644.jpg,,,,,,,,
916,916,247906.jpg,,,,,,,,
917,917,24814.jpg,,,,,,,,
918,918,248455.jpg,,,,,,,,
919,919,248494.jpg,,,,,,,,
920,920,248532.jpg,,,,,,,,
921,921,248842.jpg,,,,,,,,
922,922,249114.jpg,,,,,,,,
923,923,249166.jpg,,,,,,,,
924,924,249167.jpg,,,,,,,,
925,925,249446.jpg,,,,,,,,
926,926,249597.jpg,,,,,,,,
927,927,249701.jpg,,,,,,,,
928,928,249777.jpg,,,,,,,,
929,929,249877.jpg,,,,,,,,
930,930,250069.jpg,,,,,,,,
931,931,250157.jpg,,,,,,,,
932,932,250175.jpg,,,,,,,,
933,933,250476.jpg,,,,,,,,
934,934,25069.jpg,,,,,,,,
935,935,251533.jpg,,,,,,,,
936,936,25158.jpg,,,,,,,,
937,937,25168.jpg,,,,,,,,
938,938,251985.jpg,,,,,,,,
939,939,252148.jpg,,,,,,,,
940,940,252187.jpg,,,,,,,,
941,941,252263.jpg,,,,,,,,
942,942,252300.jpg,,,,,,,,
943,943,252627.jpg,,,,,,,,
944,944,252739.jpg,,,,,,,,
945,945,253353.jpg,,,,,,,,
946,946,253404.jpg,,,,,,,,
947,947,253635.jpg,,,,,,,,
948,948,253639.jpg,,,,,,,,
949,949,253661.jpg,,,,,,,,
950,950,254044.jpg,,,,,,,,
951,951,25416.jpg,,,,,,,,
952,952,254206.jpg,,,,,,,,
953,953,254291.jpg,,,,,,,,
954,954,25431.jpg,,,,,,,,
955,955,254719.jpg,,,,,,,,
956,956,254763.jpg,,,,,,,,
957,957,254852.jpg,,,,,,,,
958,958,255071.jpg,,,,,,,,
959,959,255074.jpg,,,,,,,,
960,960,255138.jpg,,,,,,,,
961,961,255145.jpg,,,,,,,,
962,962,255221.jpg,,,,,,,,
963,963,255252.jpg,,,,,,,,
964,964,255263.jpg,,,,,,,,
965,965,255550.jpg,,,,,,,,
966,966,255752.jpg,,,,,,,,
967,967,255858.jpg,,,,,,,,
968,968,256046.jpg,,,,,,,,
969,969,256159.jpg,,,,,,,,
970,970,256241.jpg,,,,,,,,
971,971,256242.jpg,,,,,,,,
972,972,256385.jpg,,,,,,,,
973,973,256586.jpg,,,,,,,,
974,974,256922.jpg,,,,,,,,
975,975,25705.jpg,,,,,,,,
976,976,257337.jpg,,,,,,,,
977,977,257432.jpg,,,,,,,,
978,978,257687.jpg,,,,,,,,
979,979,257853.jpg,,,,,,,,
980,980,258066.jpg,,,,,,,,
981,981,258282.jpg,,,,,,,,
982,982,258343.jpg,,,,,,,,
983,983,258499.jpg,,,,,,,,
984,984,258548.jpg,,,,,,,,
985,985,258550.jpg,,,,,,,,
986,986,258593.jpg,,,,,,,,
987,987,258715.jpg,,,,,,,,
988,988,258773.jpg,,,,,,,,
989,989,258893.jpg,,,,,,,,
990,990,259000.jpg,,,,,,,,
991,991,259309.jpg,,,,,,,,
992,992,259319.jpg,,,,,,,,
993,993,259325.jpg,,,,,,,,
994,994,259701.jpg,,,,,,,,
995,995,259737.jpg,,,,,,,,
996,996,25978.jpg,,,,,,,,
997,997,259795.jpg,,,,,,,,
998,998,259827.jpg,,,,,,,,
999,999,25992.jpg,,,,,,,,
1000,1000,260077.jpg,,,,,,,,
1001,1001,260415.jpg,,,,,,,,
1002,1002,260877.jpg,,,,,,,,
1003,1003,260966.jpg,,,,,,,,
1004,1004,261103.jpg,,,,,,,,
1005,1005,261191.jpg,,,,,,,,
1006,1006,261332.jpg,,,,,,,,
1007,1007,261416.jpg,,,,,,,,
1008,1008,261439.jpg,,,,,,,,
1009,1009,261447.jpg,,,,,,,,
1010,1010,261494.jpg,,,,,,,,
1011,1011,261538.jpg,,,,,,,,
1012,1012,261696.jpg,,,,,,,,
1013,1013,261863.jpg,,,,,,,,
1014,1014,26197.jpg,,,,,,,,
1015,1015,262009.jpg,,,,,,,,
1016,1016,262492.jpg,,,,,,,,
1017,1017,262652.jpg,,,,,,,,
1018,1018,262721.jpg,,,,,,,,
1019,1019,262871.jpg,,,,,,,,
1020,1020,263117.jpg,,,,,,,,
1021,1021,263136.jpg,,,,,,,,
1022,1022,263224.jpg,,,,,,,,
1023,1023,263321.jpg,,,,,,,,
1024,1024,263371.jpg,,,,,,,,
1025,1025,263533.jpg,,,,,,,,
1026,1026,263586.jpg,,,,,,,,
1027,1027,263632.jpg,,,,,,,,
1028,1028,263836.jpg,,,,,,,,
1029,1029,263867.jpg,,,,,,,,
1030,1030,263874.jpg,,,,,,,,
1031,1031,263969.jpg,,,,,,,,
1032,1032,263973.jpg,,,,,,,,
1033,1033,264006.jpg,,,,,,,,
1034,1034,264120.jpg,,,,,,,,
1035,1035,264150.jpg,,,,,,,,
1036,1036,264161.jpg,,,,,,,,
1037,1037,264189.jpg,,,,,,,,
1038,1038,264256.jpg,,,,,,,,
1039,1039,265131.jpg,,,,,,,,
1040,1040,265210.jpg,,,,,,,,
1041,1041,2653.jpg,,,,,,,,
1042,1042,265427.jpg,,,,,,,,
1043,1043,265683.jpg,,,,,,,,
1044,1044,266.jpg,,,,,,,,
1045,1045,266244.jpg,,,,,,,,
1046,1046,266366.jpg,,,,,,,,
1047,1047,266461.jpg,,,,,,,,
1048,1048,266523.jpg,,,,,,,,
1049,1049,266645.jpg,,,,,,,,
1050,1050,266774.jpg,,,,,,,,
1051,1051,266807.jpg,,,,,,,,
1052,1052,266897.jpg,,,,,,,,
1053,1053,266993.jpg,,,,,,,,
1054,1054,267017.jpg,,,,,,,,
1055,1055,267090.jpg,,,,,,,,
1056,1056,267091.jpg,,,,,,,,
1057,1057,267109.jpg,,,,,,,,
1058,1058,267616.jpg,,,,,,,,
1059,1059,267648.jpg,,,,,,,,
1060,1060,268305.jpg,,,,,,,,
1061,1061,268358.jpg,,,,,,,,
1062,1062,268509.jpg,,,,,,,,
1063,1063,268779.jpg,,,,,,,,
1064,1064,268860.jpg,,,,,,,,
1065,1065,269160.jpg,,,,,,,,
1066,1066,269631.jpg,,,,,,,,
1067,1067,269895.jpg,,,,,,,,
1068,1068,269905.jpg,,,,,,,,
1069,1069,269958.jpg,,,,,,,,
1070,1070,27082.jpg,,,,,,,,
1071,1071,271006.jpg,,,,,,,,
1072,1072,271146.jpg,,,,,,,,
1073,1073,271413.jpg,,,,,,,,
1074,1074,271470.jpg,,,,,,,,
1075,1075,271488.jpg,,,,,,,,
1076,1076,271661.jpg,,,,,,,,
1077,1077,271728.jpg,,,,,,,,
1078,1078,271812.jpg,,,,,,,,
1079,1079,271859.jpg,,,,,,,,
1080,1080,271932.jpg,,,,,,,,
1081,1081,27225.jpg,,,,,,,,
1082,1082,272297.jpg,,,,,,,,
1083,1083,27238.jpg,,,,,,,,
1084,1084,272381.jpg,,,,,,,,
1085,1085,272496.jpg,,,,,,,,
1086,1086,272612.jpg,,,,,,,,
1087,1087,272651.jpg,,,,,,,,
1088,1088,272699.jpg,,,,,,,,
1089,1089,272761.jpg,,,,,,,,
1090,1090,27277.jpg,,,,,,,,
1091,1091,272955.jpg,,,,,,,,
1092,1092,273092.jpg,,,,,,,,
1093,1093,273294.jpg,,,,,,,,
1094,1094,273354.jpg,,,,,,,,
1095,1095,273499.jpg,,,,,,,,
1096,1096,273806.jpg,,,,,,,,
1097,1097,273840.jpg,,,,,,,,
1098,1098,273858.jpg,,,,,,,,
1099,1099,273947.jpg,,,,,,,,
1100,1100,273954.jpg,,,,,,,,
1101,1101,274068.jpg,,,,,,,,
1102,1102,274134.jpg,,,,,,,,
1103,1103,274297.jpg,,,,,,,,
1104,1104,274419.jpg,,,,,,,,
1105,1105,274507.jpg,,,,,,,,
1106,1106,274547.jpg,,,,,,,,
1107,1107,274629.jpg,,,,,,,,
1108,1108,274959.jpg,,,,,,,,
1109,1109,275080.jpg,,,,,,,,
1110,1110,275252.jpg,,,,,,,,
1111,1111,275297.jpg,,,,,,,,
1112,1112,275509.jpg,,,,,,,,
1113,1113,275560.jpg,,,,,,,,
1114,1114,27579.jpg,,,,,,,,
1115,1115,275809.jpg,,,,,,,,
1116,1116,276036.jpg,,,,,,,,
1117,1117,27616.jpg,,,,,,,,
1118,1118,276407.jpg,,,,,,,,
1119,1119,276694.jpg,,,,,,,,
1120,1120,276838.jpg,,,,,,,,
1121,1121,276881.jpg,,,,,,,,
1122,1122,277301.jpg,,,,,,,,
1123,1123,277483.jpg,,,,,,,,
1124,1124,277675.jpg,,,,,,,,
1125,1125,277700.jpg,,,,,,,,
1126,1126,277816.jpg,,,,,,,,
1127,1127,277830.jpg,,,,,,,,
1128,1128,277911.jpg,,,,,,,,
1129,1129,278333.jpg,,,,,,,,
1130,1130,278368.jpg,,,,,,,,
1131,1131,27842.jpg,,,,,,,,
1132,1132,278445.jpg,,,,,,,,
1133,1133,278542.jpg,,,,,,,,
1134,1134,278644.jpg,,,,,,,,
1135,1135,278750.jpg,,,,,,,,
1136,1136,278752.jpg,,,,,,,,
1137,1137,278763.jpg,,,,,,,,
1138,1138,278929.jpg,,,,,,,,
1139,1139,278939.jpg,,,,,,,,
1140,1140,279013.jpg,,,,,,,,
1141,1141,27918.jpg,,,,,,,,
1142,1142,279258.jpg,,,,,,,,
1143,1143,279431.jpg,,,,,,,,
1144,1144,279440.jpg,,,,,,,,
1145,1145,279520.jpg,,,,,,,,
1146,1146,279636.jpg,,,,,,,,
1147,1147,279814.jpg,,,,,,,,
1148,1148,280001.jpg,,,,,,,,
1149,1149,280018.jpg,,,,,,,,
1150,1150,280257.jpg,,,,,,,,
1151,1151,280337.jpg,,,,,,,,
1152,1152,280375.jpg,,,,,,,,
1153,1153,280607.jpg,,,,,,,,
1154,1154,280641.jpg,,,,,,,,
1155,1155,280729.jpg,,,,,,,,
1156,1156,281142.jpg,,,,,,,,
1157,1157,281426.jpg,,,,,,,,
1158,1158,281435.jpg,,,,,,,,
1159,1159,281722.jpg,,,,,,,,
1160,1160,281733.jpg,,,,,,,,
1161,1161,281917.jpg,,,,,,,,
1162,1162,281918.jpg,,,,,,,,
1163,1163,282041.jpg,,,,,,,,
1164,1164,282162.jpg,,,,,,,,
1165,1165,282187.jpg,,,,,,,,
1166,1166,282411.jpg,,,,,,,,
1167,1167,282527.jpg,,,,,,,,
1168,1168,282853.jpg,,,,,,,,
1169,1169,2830.jpg,,,,,,,,
1170,1170,283134.jpg,,,,,,,,
1171,1171,283354.jpg,,,,,,,,
1172,1172,28339.jpg,,,,,,,,
1173,1173,283743.jpg,,,,,,,,
1174,1174,283892.jpg,,,,,,,,
1175,1175,283900.jpg,,,,,,,,
1176,1176,28399.jpg,,,,,,,,
1177,1177,284083.jpg,,,,,,,,
1178,1178,284214.jpg,,,,,,,,
1179,1179,28439.jpg,,,,,,,,
1180,1180,284555.jpg,,,,,,,,
1181,1181,284621.jpg,,,,,,,,
1182,1182,284830.jpg,,,,,,,,
1183,1183,28485.jpg,,,,,,,,
1184,1184,285037.jpg,,,,,,,,
1185,1185,285406.jpg,,,,,,,,
1186,1186,285603.jpg,,,,,,,,
1187,1187,285700.jpg,,,,,,,,
1188,1188,285776.jpg,,,,,,,,
1189,1189,28612.jpg,,,,,,,,
1190,1190,286193.jpg,,,,,,,,
1191,1191,286375.jpg,,,,,,,,
1192,1192,286402.jpg,,,,,,,,
1193,1193,286495.jpg,,,,,,,,
1194,1194,286591.jpg,,,,,,,,
1195,1195,287051.jpg,,,,,,,,
1196,1196,287242.jpg,,,,,,,,
1197,1197,287307.jpg,,,,,,,,
1198,1198,28749.jpg,,,,,,,,
1199,1199,287513.jpg,,,,,,,,
1200,1200,287529.jpg,,,,,,,,
1201,1201,287830.jpg,,,,,,,,
1202,1202,287834.jpg,,,,,,,,
1203,1203,287966.jpg,,,,,,,,
1204,1204,288040.jpg,,,,,,,,
1205,1205,288053.jpg,,,,,,,,
1206,1206,288388.jpg,,,,,,,,
1207,1207,288453.jpg,,,,,,,,
1208,1208,288596.jpg,,,,,,,,
1209,1209,288670.jpg,,,,,,,,
1210,1210,288704.jpg,,,,,,,,
1211,1211,288840.jpg,,,,,,,,
1212,1212,289046.jpg,,,,,,,,
1213,1213,289160.jpg,,,,,,,,
1214,1214,289530.jpg,,,,,,,,
1215,1215,289710.jpg,,,,,,,,
1216,1216,290105.jpg,,,,,,,,
1217,1217,290172.jpg,,,,,,,,
1218,1218,290388.jpg,,,,,,,,
1219,1219,290471.jpg,,,,,,,,
1220,1220,290486.jpg,,,,,,,,
1221,1221,290529.jpg,,,,,,,,
1222,1222,290555.jpg,,,,,,,,
1223,1223,290587.jpg,,,,,,,,
1224,1224,290799.jpg,,,,,,,,
1225,1225,291081.jpg,,,,,,,,
1226,1226,291156.jpg,,,,,,,,
1227,1227,291211.jpg,,,,,,,,
1228,1228,291470.jpg,,,,,,,,
1229,1229,291676.jpg,,,,,,,,
1230,1230,291825.jpg,,,,,,,,
1231,1231,291966.jpg,,,,,,,,
1232,1232,292034.jpg,,,,,,,,
1233,1233,292192.jpg,,,,,,,,
1234,1234,292316.jpg,,,,,,,,
1235,1235,292523.jpg,,,,,,,,
1236,1236,292526.jpg,,,,,,,,
1237,1237,292540.jpg,,,,,,,,
1238,1238,29262.jpg,,,,,,,,
1239,1239,292631.jpg,,,,,,,,
1240,1240,292653.jpg,,,,,,,,
1241,1241,29325.jpg,,,,,,,,
1242,1242,293453.jpg,,,,,,,,
1243,1243,293511.jpg,,,,,,,,
1244,1244,293525.jpg,,,,,,,,
1245,1245,294018.jpg,,,,,,,,
1246,1246,294302.jpg,,,,,,,,
1247,1247,29432.jpg,,,,,,,,
1248,1248,294422.jpg,,,,,,,,
1249,1249,29448.jpg,,,,,,,,
1250,1250,2945.jpg,,,,,,,,
1251,1251,294663.jpg,,,,,,,,
1252,1252,294918.jpg,,,,,,,,
1253,1253,295324.jpg,,,,,,,,
1254,1254,295335.jpg,,,,,,,,
1255,1255,295456.jpg,,,,,,,,
1256,1256,295535.jpg,,,,,,,,
1257,1257,296143.jpg,,,,,,,,
1258,1258,296178.jpg,,,,,,,,
1259,1259,296545.jpg,,,,,,,,
1260,1260,296651.jpg,,,,,,,,
1261,1261,296709.jpg,,,,,,,,
1262,1262,296983.jpg,,,,,,,,
1263,1263,297020.jpg,,,,,,,,
1264,1264,297173.jpg,,,,,,,,
1265,1265,297396.jpg,,,,,,,,
1266,1266,297530.jpg,,,,,,,,
1267,1267,297589.jpg,,,,,,,,
1268,1268,298117.jpg,,,,,,,,
1269,1269,298244.jpg,,,,,,,,
1270,1270,298426.jpg,,,,,,,,
1271,1271,298592.jpg,,,,,,,,
1272,1272,298615.jpg,,,,,,,,
1273,1273,298848.jpg,,,,,,,,
1274,1274,298907.jpg,,,,,,,,
1275,1275,298914.jpg,,,,,,,,
1276,1276,298929.jpg,,,,,,,,
1277,1277,298949.jpg,,,,,,,,
1278,1278,299094.jpg,,,,,,,,
1279,1279,299548.jpg,,,,,,,,
1280,1280,299749.jpg,,,,,,,,
1281,1281,299899.jpg,,,,,,,,
1282,1282,3000.jpg,,,,,,,,
1283,1283,300065.jpg,,,,,,,,
1284,1284,300154.jpg,,,,,,,,
1285,1285,300348.jpg,,,,,,,,
1286,1286,300720.jpg,,,,,,,,
1287,1287,300745.jpg,,,,,,,,
1288,1288,300859.jpg,,,,,,,,
1289,1289,301002.jpg,,,,,,,,
1290,1290,301103.jpg,,,,,,,,
1291,1291,301115.jpg,,,,,,,,
1292,1292,301117.jpg,,,,,,,,
1293,1293,301292.jpg,,,,,,,,
1294,1294,301403.jpg,,,,,,,,
1295,1295,301546.jpg,,,,,,,,
1296,1296,301680.jpg,,,,,,,,
1297,1297,301837.jpg,,,,,,,,
1298,1298,301973.jpg,,,,,,,,
1299,1299,302040.jpg,,,,,,,,
1300,1300,302421.jpg,,,,,,,,
1301,1301,30256.jpg,,,,,,,,
1302,1302,302898.jpg,,,,,,,,
1303,1303,302980.jpg,,,,,,,,
1304,1304,303120.jpg,,,,,,,,
1305,1305,303232.jpg,,,,,,,,
1306,1306,30363.jpg,,,,,,,,
1307,1307,303693.jpg,,,,,,,,
1308,1308,303726.jpg,,,,,,,,
1309,1309,303942.jpg,,,,,,,,
1310,1310,304400.jpg,,,,,,,,
1311,1311,30450.jpg,,,,,,,,
1312,1312,304565.jpg,,,,,,,,
1313,1313,304760.jpg,,,,,,,,
1314,1314,304782.jpg,,,,,,,,
1315,1315,304899.jpg,,,,,,,,
1316,1316,304952.jpg,,,,,,,,
1317,1317,305157.jpg,,,,,,,,
1318,1318,305206.jpg,,,,,,,,
1319,1319,305244.jpg,,,,,,,,
1320,1320,305251.jpg,,,,,,,,
1321,1321,305329.jpg,,,,,,,,
1322,1322,305658.jpg,,,,,,,,
1323,1323,305660.jpg,,,,,,,,
1324,1324,305850.jpg,,,,,,,,
1325,1325,305938.jpg,,,,,,,,
1326,1326,305943.jpg,,,,,,,,
1327,1327,306004.jpg,,,,,,,,
1328,1328,306101.jpg,,,,,,,,
1329,1329,306143.jpg,,,,,,,,
1330,1330,3062.jpg,,,,,,,,
1331,1331,306231.jpg,,,,,,,,
1332,1332,306560.jpg,,,,,,,,
1333,1333,306633.jpg,,,,,,,,
1334,1334,306900.jpg,,,,,,,,
1335,1335,307013.jpg,,,,,,,,
1336,1336,307136.jpg,,,,,,,,
1337,1337,307488.jpg,,,,,,,,
1338,1338,307639.jpg,,,,,,,,
1339,1339,30791.jpg,,,,,,,,
1340,1340,308024.jpg,,,,,,,,
1341,1341,308268.jpg,,,,,,,,
1342,1342,308408.jpg,,,,,,,,
1343,1343,308614.jpg,,,,,,,,
1344,1344,308638.jpg,,,,,,,,
1345,1345,308650.jpg,,,,,,,,
1346,1346,308678.jpg,,,,,,,,
1347,1347,30874.jpg,,,,,,,,
1348,1348,308880.jpg,,,,,,,,
1349,1349,309155.jpg,,,,,,,,
1350,1350,309219.jpg,,,,,,,,
1351,1351,309273.jpg,,,,,,,,
1352,1352,309288.jpg,,,,,,,,
1353,1353,30936.jpg,,,,,,,,
1354,1354,309564.jpg,,,,,,,,
1355,1355,309650.jpg,,,,,,,,
1356,1356,309871.jpg,,,,,,,,
1357,1357,31027.jpg,,,,,,,,
1358,1358,310284.jpg,,,,,,,,
1359,1359,310443.jpg,,,,,,,,
1360,1360,310801.jpg,,,,,,,,
1361,1361,311259.jpg,,,,,,,,
1362,1362,311371.jpg,,,,,,,,
1363,1363,311453.jpg,,,,,,,,
1364,1364,311542.jpg,,,,,,,,
1365,1365,311611.jpg,,,,,,,,
1366,1366,311658.jpg,,,,,,,,
1367,1367,31194.jpg,,,,,,,,
1368,1368,311974.jpg,,,,,,,,
1369,1369,312000.jpg,,,,,,,,
1370,1370,312014.jpg,,,,,,,,
1371,1371,312078.jpg,,,,,,,,
1372,1372,312197.jpg,,,,,,,,
1373,1373,312391.jpg,,,,,,,,
1374,1374,312397.jpg,,,,,,,,
1375,1375,312958.jpg,,,,,,,,
1376,1376,313101.jpg,,,,,,,,
1377,1377,313154.jpg,,,,,,,,
1378,1378,313329.jpg,,,,,,,,
1379,1379,313411.jpg,,,,,,,,
1380,1380,313521.jpg,,,,,,,,
1381,1381,313644.jpg,,,,,,,,
1382,1382,313928.jpg,,,,,,,,
1383,1383,314250.jpg,,,,,,,,
1384,1384,314423.jpg,,,,,,,,
1385,1385,314505.jpg,,,,,,,,
1386,1386,314755.jpg,,,,,,,,
1387,1387,314817.jpg,,,,,,,,
1388,1388,314992.jpg,,,,,,,,
1389,1389,315198.jpg,,,,,,,,
1390,1390,315393.jpg,,,,,,,,
1391,1391,315494.jpg,,,,,,,,
1392,1392,31572.jpg,,,,,,,,
1393,1393,315767.jpg,,,,,,,,
1394,1394,315849.jpg,,,,,,,,
1395,1395,316093.jpg,,,,,,,,
1396,1396,31621.jpg,,,,,,,,
1397,1397,316228.jpg,,,,,,,,
1398,1398,316356.jpg,,,,,,,,
1399,1399,316424.jpg,,,,,,,,
1400,1400,316561.jpg,,,,,,,,
1401,1401,31671.jpg,,,,,,,,
1402,1402,316737.jpg,,,,,,,,
1403,1403,316842.jpg,,,,,,,,
1404,1404,316965.jpg,,,,,,,,
1405,1405,317115.jpg,,,,,,,,
1406,1406,317119.jpg,,,,,,,,
1407,1407,31719.jpg,,,,,,,,
1408,1408,317504.jpg,,,,,,,,
1409,1409,317570.jpg,,,,,,,,
1410,1410,317587.jpg,,,,,,,,
1411,1411,317790.jpg,,,,,,,,
1412,1412,317815.jpg,,,,,,,,
1413,1413,318266.jpg,,,,,,,,
1414,1414,318290.jpg,,,,,,,,
1415,1415,318721.jpg,,,,,,,,
1416,1416,318820.jpg,,,,,,,,
1417,1417,318864.jpg,,,,,,,,
1418,1418,319002.jpg,,,,,,,,
1419,1419,319145.jpg,,,,,,,,
1420,1420,319169.jpg,,,,,,,,
1421,1421,319220.jpg,,,,,,,,
1422,1422,319467.jpg,,,,,,,,
1423,1423,319678.jpg,,,,,,,,
1424,1424,319703.jpg,,,,,,,,
1425,1425,319746.jpg,,,,,,,,
1426,1426,319760.jpg,,,,,,,,
1427,1427,320584.jpg,,,,,,,,
1428,1428,321214.jpg,,,,,,,,
1429,1429,321328.jpg,,,,,,,,
1430,1430,321877.jpg,,,,,,,,
1431,1431,322334.jpg,,,,,,,,
1432,1432,322363.jpg,,,,,,,,
1433,1433,322419.jpg,,,,,,,,
1434,1434,32346.jpg,,,,,,,,
1435,1435,32347.jpg,,,,,,,,
1436,1436,323531.jpg,,,,,,,,
1437,1437,323577.jpg,,,,,,,,
1438,1438,323789.jpg,,,,,,,,
1439,1439,324089.jpg,,,,,,,,
1440,1440,324095.jpg,,,,,,,,
1441,1441,324206.jpg,,,,,,,,
1442,1442,324342.jpg,,,,,,,,
1443,1443,325522.jpg,,,,,,,,
1444,1444,32566.jpg,,,,,,,,
1445,1445,325841.jpg,,,,,,,,
1446,1446,325895.jpg,,,,,,,,
1447,1447,325909.jpg,,,,,,,,
1448,1448,325955.jpg,,,,,,,,
1449,1449,32610.jpg,,,,,,,,
1450,1450,326126.jpg,,,,,,,,
1451,1451,32628.jpg,,,,,,,,
1452,1452,326342.jpg,,,,,,,,
1453,1453,326362.jpg,,,,,,,,
1454,1454,326615.jpg,,,,,,,,
1455,1455,326707.jpg,,,,,,,,
1456,1456,327115.jpg,,,,,,,,
1457,1457,327473.jpg,,,,,,,,
1458,1458,327547.jpg,,,,,,,,
1459,1459,32774.jpg,,,,,,,,
1460,1460,327811.jpg,,,,,,,,
1461,1461,327821.jpg,,,,,,,,
1462,1462,328060.jpg,,,,,,,,
1463,1463,32846.jpg,,,,,,,,
1464,1464,328747.jpg,,,,,,,,
1465,1465,32890.jpg,,,,,,,,
1466,1466,328917.jpg,,,,,,,,
1467,1467,328946.jpg,,,,,,,,
1468,1468,328952.jpg,,,,,,,,
1469,1469,32897.jpg,,,,,,,,
1470,1470,329257.jpg,,,,,,,,
1471,1471,329481.jpg,,,,,,,,
1472,1472,329648.jpg,,,,,,,,
1473,1473,32971.jpg,,,,,,,,
1474,1474,330451.jpg,,,,,,,,
1475,1475,330465.jpg,,,,,,,,
1476,1476,330662.jpg,,,,,,,,
1477,1477,330856.jpg,,,,,,,,
1478,1478,33116.jpg,,,,,,,,
1479,1479,331188.jpg,,,,,,,,
1480,1480,331224.jpg,,,,,,,,
1481,1481,331287.jpg,,,,,,,,
1482,1482,331312.jpg,,,,,,,,
1483,1483,331475.jpg,,,,,,,,
1484,1484,331499.jpg,,,,,,,,
1485,1485,331623.jpg,,,,,,,,
1486,1486,331790.jpg,,,,,,,,
1487,1487,331890.jpg,,,,,,,,
1488,1488,331916.jpg,,,,,,,,
1489,1489,332187.jpg,,,,,,,,
1490,1490,332194.jpg,,,,,,,,
1491,1491,332301.jpg,,,,,,,,
1492,1492,332314.jpg,,,,,,,,
1493,1493,332634.jpg,,,,,,,,
1494,1494,33266.jpg,,,,,,,,
1495,1495,332713.jpg,,,,,,,,
1496,1496,332742.jpg,,,,,,,,
1497,1497,333006.jpg,,,,,,,,
1498,1498,33307.jpg,,,,,,,,
1499,1499,333187.jpg,,,,,,,,
1500,1500,333202.jpg,,,,,,,,
1501,1501,333220.jpg,,,,,,,,
1502,1502,333284.jpg,,,,,,,,
1503,1503,333294.jpg,,,,,,,,
1504,1504,333550.jpg,,,,,,,,
1505,1505,333713.jpg,,,,,,,,
1506,1506,333740.jpg,,,,,,,,
1507,1507,333774.jpg,,,,,,,,
1508,1508,333788.jpg,,,,,,,,
1509,1509,333992.jpg,,,,,,,,
1510,1510,334318.jpg,,,,,,,,
1511,1511,334325.jpg,,,,,,,,
1512,1512,334411.jpg,,,,,,,,
1513,1513,334595.jpg,,,,,,,,
1514,1514,334734.jpg,,,,,,,,
1515,1515,335015.jpg,,,,,,,,
1516,1516,335064.jpg,,,,,,,,
1517,1517,335325.jpg,,,,,,,,
1518,1518,335502.jpg,,,,,,,,
1519,1519,335557.jpg,,,,,,,,
1520,1520,335659.jpg,,,,,,,,
1521,1521,335779.jpg,,,,,,,,
1522,1522,335795.jpg,,,,,,,,
1523,1523,335841.jpg,,,,,,,,
1524,1524,335849.jpg,,,,,,,,
1525,1525,336656.jpg,,,,,,,,
1526,1526,336921.jpg,,,,,,,,
1527,1527,336936.jpg,,,,,,,,
1528,1528,337237.jpg,,,,,,,,
1529,1529,337424.jpg,,,,,,,,
1530,1530,337468.jpg,,,,,,,,
1531,1531,337655.jpg,,,,,,,,
1532,1532,337778.jpg,,,,,,,,
1533,1533,337808.jpg,,,,,,,,
1534,1534,337850.jpg,,,,,,,,
1535,1535,337938.jpg,,,,,,,,
1536,1536,338185.jpg,,,,,,,,
1537,1537,338240.jpg,,,,,,,,
1538,1538,338258.jpg,,,,,,,,
1539,1539,338260.jpg,,,,,,,,
1540,1540,338313.jpg,,,,,,,,
1541,1541,338357.jpg,,,,,,,,
1542,1542,338710.jpg,,,,,,,,
1543,1543,33879.jpg,,,,,,,,
1544,1544,338963.jpg,,,,,,,,
1545,1545,339198.jpg,,,,,,,,
1546,1546,339209.jpg,,,,,,,,
1547,1547,339214.jpg,,,,,,,,
1548,1548,339431.jpg,,,,,,,,
1549,1549,339592.jpg,,,,,,,,
1550,1550,339623.jpg,,,,,,,,
1551,1551,339624.jpg,,,,,,,,
1552,1552,339649.jpg,,,,,,,,
1553,1553,339704.jpg,,,,,,,,
1554,1554,34010.jpg,,,,,,,,
1555,1555,340592.jpg,,,,,,,,
1556,1556,340828.jpg,,,,,,,,
1557,1557,340872.jpg,,,,,,,,
1558,1558,341192.jpg,,,,,,,,
1559,1559,341847.jpg,,,,,,,,
1560,1560,341981.jpg,,,,,,,,
1561,1561,342081.jpg,,,,,,,,
1562,1562,342481.jpg,,,,,,,,
1563,1563,342558.jpg,,,,,,,,
1564,1564,342590.jpg,,,,,,,,
1565,1565,342744.jpg,,,,,,,,
1566,1566,342759.jpg,,,,,,,,
1567,1567,342990.jpg,,,,,,,,
1568,1568,34327.jpg,,,,,,,,
1569,1569,343749.jpg,,,,,,,,
1570,1570,343794.jpg,,,,,,,,
1571,1571,343821.jpg,,,,,,,,
1572,1572,343927.jpg,,,,,,,,
1573,1573,344204.jpg,,,,,,,,
1574,1574,344320.jpg,,,,,,,,
1575,1575,34492.jpg,,,,,,,,
1576,1576,344969.jpg,,,,,,,,
1577,1577,345328.jpg,,,,,,,,
1578,1578,345449.jpg,,,,,,,,
1579,1579,345566.jpg,,,,,,,,
1580,1580,345650.jpg,,,,,,,,
1581,1581,345764.jpg,,,,,,,,
1582,1582,345825.jpg,,,,,,,,
1583,1583,346163.jpg,,,,,,,,
1584,1584,346183.jpg,,,,,,,,
1585,1585,346477.jpg,,,,,,,,
1586,1586,346585.jpg,,,,,,,,
1587,1587,346658.jpg,,,,,,,,
1588,1588,347120.jpg,,,,,,,,
1589,1589,347315.jpg,,,,,,,,
1590,1590,347408.jpg,,,,,,,,
1591,1591,347556.jpg,,,,,,,,
1592,1592,347574.jpg,,,,,,,,
1593,1593,347663.jpg,,,,,,,,
1594,1594,347871.jpg,,,,,,,,
1595,1595,347877.jpg,,,,,,,,
1596,1596,347974.jpg,,,,,,,,
1597,1597,348067.jpg,,,,,,,,
1598,1598,348333.jpg,,,,,,,,
1599,1599,348466.jpg,,,,,,,,
1600,1600,348481.jpg,,,,,,,,
1601,1601,34854.jpg,,,,,,,,
1602,1602,348675.jpg,,,,,,,,
1603,1603,348866.jpg,,,,,,,,
1604,1604,349164.jpg,,,,,,,,
1605,1605,349261.jpg,,,,,,,,
1606,1606,349508.jpg,,,,,,,,
1607,1607,349793.jpg,,,,,,,,
1608,1608,350137.jpg,,,,,,,,
1609,1609,350191.jpg,,,,,,,,
1610,1610,350398.jpg,,,,,,,,
1611,1611,350449.jpg,,,,,,,,
1612,1612,350467.jpg,,,,,,,,
1613,1613,350653.jpg,,,,,,,,
1614,1614,350888.jpg,,,,,,,,
1615,1615,350955.jpg,,,,,,,,
1616,1616,351014.jpg,,,,,,,,
1617,1617,351197.jpg,,,,,,,,
1618,1618,351227.jpg,,,,,,,,
1619,1619,351532.jpg,,,,,,,,
1620,1620,351680.jpg,,,,,,,,
1621,1621,351799.jpg,,,,,,,,
1622,1622,351849.jpg,,,,,,,,
1623,1623,351884.jpg,,,,,,,,
1624,1624,35208.jpg,,,,,,,,
1625,1625,352215.jpg,,,,,,,,
1626,1626,352247.jpg,,,,,,,,
1627,1627,352514.jpg,,,,,,,,
1628,1628,35280.jpg,,,,,,,,
1629,1629,352824.jpg,,,,,,,,
1630,1630,352881.jpg,,,,,,,,
1631,1631,353063.jpg,,,,,,,,
1632,1632,353096.jpg,,,,,,,,
1633,1633,353169.jpg,,,,,,,,
1634,1634,353217.jpg,,,,,,,,
1635,1635,353494.jpg,,,,,,,,
1636,1636,353653.jpg,,,,,,,,
1637,1637,353830.jpg,,,,,,,,
1638,1638,354445.jpg,,,,,,,,
1639,1639,354451.jpg,,,,,,,,
1640,1640,35456.jpg,,,,,,,,
1641,1641,354758.jpg,,,,,,,,
1642,1642,354856.jpg,,,,,,,,
1643,1643,354928.jpg,,,,,,,,
1644,1644,354962.jpg,,,,,,,,
1645,1645,355042.jpg,,,,,,,,
1646,1646,355272.jpg,,,,,,,,
1647,1647,355425.jpg,,,,,,,,
1648,1648,355438.jpg,,,,,,,,
1649,1649,355450.jpg,,,,,,,,
1650,1650,355496.jpg,,,,,,,,
1651,1651,355535.jpg,,,,,,,,
1652,1652,355703.jpg,,,,,,,,
1653,1653,355726.jpg,,,,,,,,
1654,1654,355772.jpg,,,,,,,,
1655,1655,35619.jpg,,,,,,,,
1656,1656,356241.jpg,,,,,,,,
1657,1657,356590.jpg,,,,,,,,
1658,1658,356675.jpg,,,,,,,,
1659,1659,356707.jpg,,,,,,,,
1660,1660,356828.jpg,,,,,,,,
1661,1661,356877.jpg,,,,,,,,
1662,1662,35707.jpg,,,,,,,,
1663,1663,357713.jpg,,,,,,,,
1664,1664,357903.jpg,,,,,,,,
1665,1665,358300.jpg,,,,,,,,
1666,1666,358692.jpg,,,,,,,,
1667,1667,359748.jpg,,,,,,,,
1668,1668,359794.jpg,,,,,,,,
1669,1669,359813.jpg,,,,,,,,
1670,1670,360173.jpg,,,,,,,,
1671,1671,360182.jpg,,,,,,,,
1672,1672,360410.jpg,,,,,,,,
1673,1673,360580.jpg,,,,,,,,
1674,1674,3611.jpg,,,,,,,,
1675,1675,361326.jpg,,,,,,,,
1676,1676,361341.jpg,,,,,,,,
1677,1677,361356.jpg,,,,,,,,
1678,1678,361412.jpg,,,,,,,,
1679,1679,36184.jpg,,,,,,,,
1680,1680,361879.jpg,,,,,,,,
1681,1681,361972.jpg,,,,,,,,
1682,1682,361974.jpg,,,,,,,,
1683,1683,36198.jpg,,,,,,,,
1684,1684,362468.jpg,,,,,,,,
1685,1685,36248.jpg,,,,,,,,
1686,1686,362482.jpg,,,,,,,,
1687,1687,362763.jpg,,,,,,,,
1688,1688,362828.jpg,,,,,,,,
1689,1689,36289.jpg,,,,,,,,
1690,1690,363040.jpg,,,,,,,,
1691,1691,363412.jpg,,,,,,,,
1692,1692,363512.jpg,,,,,,,,
1693,1693,363588.jpg,,,,,,,,
1694,1694,363664.jpg,,,,,,,,
1695,1695,363681.jpg,,,,,,,,
1696,1696,363867.jpg,,,,,,,,
1697,1697,363962.jpg,,,,,,,,
1698,1698,363992.jpg,,,,,,,,
1699,1699,364138.jpg,,,,,,,,
1700,1700,364373.jpg,,,,,,,,
1701,1701,364568.jpg,,,,,,,,
1702,1702,364571.jpg,,,,,,,,
1703,1703,364599.jpg,,,,,,,,
1704,1704,364822.jpg,,,,,,,,
1705,1705,364982.jpg,,,,,,,,
1706,1706,365480.jpg,,,,,,,,
1707,1707,36559.jpg,,,,,,,,
1708,1708,365594.jpg,,,,,,,,
1709,1709,365794.jpg,,,,,,,,
1710,1710,365807.jpg,,,,,,,,
1711,1711,366154.jpg,,,,,,,,
1712,1712,366350.jpg,,,,,,,,
1713,1713,366571.jpg,,,,,,,,
1714,1714,366615.jpg,,,,,,,,
1715,1715,366747.jpg,,,,,,,,
1716,1716,366775.jpg,,,,,,,,
1717,1717,366810.jpg,,,,,,,,
1718,1718,367012.jpg,,,,,,,,
1719,1719,367094.jpg,,,,,,,,
1720,1720,367180.jpg,,,,,,,,
1721,1721,367262.jpg,,,,,,,,
1722,1722,367265.jpg,,,,,,,,
1723,1723,367298.jpg,,,,,,,,
1724,1724,367305.jpg,,,,,,,,
1725,1725,367582.jpg,,,,,,,,
1726,1726,367751.jpg,,,,,,,,
1727,1727,367762.jpg,,,,,,,,
1728,1728,367953.jpg,,,,,,,,
1729,1729,368099.jpg,,,,,,,,
1730,1730,368242.jpg,,,,,,,,
1731,1731,36830.jpg,,,,,,,,
1732,1732,368399.jpg,,,,,,,,
1733,1733,368411.jpg,,,,,,,,
1734,1734,368888.jpg,,,,,,,,
1735,1735,3697.jpg,,,,,,,,
1736,1736,369705.jpg,,,,,,,,
1737,1737,369724.jpg,,,,,,,,
1738,1738,37003.jpg,,,,,,,,
1739,1739,370049.jpg,,,,,,,,
1740,1740,370053.jpg,,,,,,,,
1741,1741,370167.jpg,,,,,,,,
1742,1742,370181.jpg,,,,,,,,
1743,1743,370209.jpg,,,,,,,,
1744,1744,370341.jpg,,,,,,,,
1745,1745,370361.jpg,,,,,,,,
1746,1746,370519.jpg,,,,,,,,
1747,1747,370725.jpg,,,,,,,,
1748,1748,370839.jpg,,,,,,,,
1749,1749,371179.jpg,,,,,,,,
1750,1750,371569.jpg,,,,,,,,
1751,1751,371630.jpg,,,,,,,,
1752,1752,37179.jpg,,,,,,,,
1753,1753,37193.jpg,,,,,,,,
1754,1754,372376.jpg,,,,,,,,
1755,1755,372758.jpg,,,,,,,,
1756,1756,37286.jpg,,,,,,,,
1757,1757,372904.jpg,,,,,,,,
1758,1758,372962.jpg,,,,,,,,
1759,1759,373431.jpg,,,,,,,,
1760,1760,373590.jpg,,,,,,,,
1761,1761,373627.jpg,,,,,,,,
1762,1762,373973.jpg,,,,,,,,
1763,1763,374217.jpg,,,,,,,,
1764,1764,374556.jpg,,,,,,,,
1765,1765,375010.jpg,,,,,,,,
1766,1766,375053.jpg,,,,,,,,
1767,1767,375074.jpg,,,,,,,,
1768,1768,375101.jpg,,,,,,,,
1769,1769,37511.jpg,,,,,,,,
1770,1770,375266.jpg,,,,,,,,
1771,1771,375272.jpg,,,,,,,,
1772,1772,375472.jpg,,,,,,,,
1773,1773,375504.jpg,,,,,,,,
1774,1774,376187.jpg,,,,,,,,
1775,1775,376361.jpg,,,,,,,,
1776,1776,376490.jpg,,,,,,,,
1777,1777,376554.jpg,,,,,,,,
1778,1778,376595.jpg,,,,,,,,
1779,1779,376597.jpg,,,,,,,,
1780,1780,37666.jpg,,,,,,,,
1781,1781,376683.jpg,,,,,,,,
1782,1782,376732.jpg,,,,,,,,
1783,1783,376980.jpg,,,,,,,,
1784,1784,377374.jpg,,,,,,,,
1785,1785,377816.jpg,,,,,,,,
1786,1786,377843.jpg,,,,,,,,
1787,1787,377846.jpg,,,,,,,,
1788,1788,377948.jpg,,,,,,,,
1789,1789,377995.jpg,,,,,,,,
1790,1790,378148.jpg,,,,,,,,
1791,1791,378291.jpg,,,,,,,,
1792,1792,378466.jpg,,,,,,,,
1793,1793,378592.jpg,,,,,,,,
1794,1794,378972.jpg,,,,,,,,
1795,1795,379032.jpg,,,,,,,,
1796,1796,379199.jpg,,,,,,,,
1797,1797,379249.jpg,,,,,,,,
1798,1798,379709.jpg,,,,,,,,
1799,1799,38069.jpg,,,,,,,,
1800,1800,38075.jpg,,,,,,,,
1801,1801,381004.jpg,,,,,,,,
1802,1802,381096.jpg,,,,,,,,
1803,1803,381108.jpg,,,,,,,,
1804,1804,381208.jpg,,,,,,,,
1805,1805,381269.jpg,,,,,,,,
1806,1806,38140.jpg,,,,,,,,
1807,1807,381487.jpg,,,,,,,,
1808,1808,38184.jpg,,,,,,,,
1809,1809,381981.jpg,,,,,,,,
1810,1810,382091.jpg,,,,,,,,
1811,1811,382181.jpg,,,,,,,,
1812,1812,382231.jpg,,,,,,,,
1813,1813,38249.jpg,,,,,,,,
1814,1814,382876.jpg,,,,,,,,
1815,1815,38289.jpg,,,,,,,,
1816,1816,383092.jpg,,,,,,,,
1817,1817,383230.jpg,,,,,,,,
1818,1818,383241.jpg,,,,,,,,
1819,1819,38325.jpg,,,,,,,,
1820,1820,383289.jpg,,,,,,,,
1821,1821,383336.jpg,,,,,,,,
1822,1822,383510.jpg,,,,,,,,
1823,1823,383645.jpg,,,,,,,,
1824,1824,384111.jpg,,,,,,,,
1825,1825,384299.jpg,,,,,,,,
1826,1826,384308.jpg,,,,,,,,
1827,1827,384311.jpg,,,,,,,,
1828,1828,384417.jpg,,,,,,,,
1829,1829,384664.jpg,,,,,,,,
1830,1830,384723.jpg,,,,,,,,
1831,1831,385214.jpg,,,,,,,,
1832,1832,385264.jpg,,,,,,,,
1833,1833,385356.jpg,,,,,,,,
1834,1834,385439.jpg,,,,,,,,
1835,1835,385522.jpg,,,,,,,,
1836,1836,385569.jpg,,,,,,,,
1837,1837,385821.jpg,,,,,,,,
1838,1838,385838.jpg,,,,,,,,
1839,1839,385853.jpg,,,,,,,,
1840,1840,385861.jpg,,,,,,,,
1841,1841,38616.jpg,,,,,,,,
1842,1842,386347.jpg,,,,,,,,
1843,1843,386795.jpg,,,,,,,,
1844,1844,38681.jpg,,,,,,,,
1845,1845,386919.jpg,,,,,,,,
1846,1846,386934.jpg,,,,,,,,
1847,1847,387071.jpg,,,,,,,,
1848,1848,387075.jpg,,,,,,,,
1849,1849,387162.jpg,,,,,,,,
1850,1850,387178.jpg,,,,,,,,
1851,1851,387501.jpg,,,,,,,,
1852,1852,3881.jpg,,,,,,,,
1853,1853,388107.jpg,,,,,,,,
1854,1854,388203.jpg,,,,,,,,
1855,1855,388349.jpg,,,,,,,,
1856,1856,388423.jpg,,,,,,,,
1857,1857,388645.jpg,,,,,,,,
1858,1858,388648.jpg,,,,,,,,
1859,1859,388872.jpg,,,,,,,,
1860,1860,38916.jpg,,,,,,,,
1861,1861,389355.jpg,,,,,,,,
1862,1862,389678.jpg,,,,,,,,
1863,1863,389721.jpg,,,,,,,,
1864,1864,389802.jpg,,,,,,,,
1865,1865,389947.jpg,,,,,,,,
1866,1866,39021.jpg,,,,,,,,
1867,1867,390459.jpg,,,,,,,,
1868,1868,39052.jpg,,,,,,,,
1869,1869,39056.jpg,,,,,,,,
1870,1870,39068.jpg,,,,,,,,
1871,1871,390793.jpg,,,,,,,,
1872,1872,390845.jpg,,,,,,,,
1873,1873,390974.jpg,,,,,,,,
1874,1874,391192.jpg,,,,,,,,
1875,1875,391690.jpg,,,,,,,,
1876,1876,391796.jpg,,,,,,,,
1877,1877,392094.jpg,,,,,,,,
1878,1878,392140.jpg,,,,,,,,
1879,1879,3923.jpg,,,,,,,,
1880,1880,39245.jpg,,,,,,,,
1881,1881,39249.jpg,,,,,,,,
1882,1882,392561.jpg,,,,,,,,
1883,1883,392695.jpg,,,,,,,,
1884,1884,393012.jpg,,,,,,,,
1885,1885,393242.jpg,,,,,,,,
1886,1886,39326.jpg,,,,,,,,
1887,1887,393282.jpg,,,,,,,,
1888,1888,393368.jpg,,,,,,,,
1889,1889,393428.jpg,,,,,,,,
1890,1890,393569.jpg,,,,,,,,
1891,1891,394041.jpg,,,,,,,,
1892,1892,394137.jpg,,,,,,,,
1893,1893,394454.jpg,,,,,,,,
1894,1894,394541.jpg,,,,,,,,
1895,1895,395077.jpg,,,,,,,,
1896,1896,395479.jpg,,,,,,,,
1897,1897,395545.jpg,,,,,,,,
1898,1898,395861.jpg,,,,,,,,
1899,1899,395961.jpg,,,,,,,,
1900,1900,396088.jpg,,,,,,,,
1901,1901,396666.jpg,,,,,,,,
1902,1902,396763.jpg,,,,,,,,
1903,1903,396780.jpg,,,,,,,,
1904,1904,396968.jpg,,,,,,,,
1905,1905,397156.jpg,,,,,,,,
1906,1906,397283.jpg,,,,,,,,
1907,1907,397341.jpg,,,,,,,,
1908,1908,397433.jpg,,,,,,,,
1909,1909,397536.jpg,,,,,,,,
1910,1910,397902.jpg,,,,,,,,
1911,1911,398375.jpg,,,,,,,,
1912,1912,398512.jpg,,,,,,,,
1913,1913,398588.jpg,,,,,,,,
1914,1914,39880.jpg,,,,,,,,
1915,1915,398857.jpg,,,,,,,,
1916,1916,39889.jpg,,,,,,,,
1917,1917,399452.jpg,,,,,,,,
1918,1918,39962.jpg,,,,,,,,
1919,1919,399729.jpg,,,,,,,,
1920,1920,399772.jpg,,,,,,,,
1921,1921,399878.jpg,,,,,,,,
1922,1922,399980.jpg,,,,,,,,
1923,1923,40042.jpg,,,,,,,,
1924,1924,40049.jpg,,,,,,,,
1925,1925,400575.jpg,,,,,,,,
1926,1926,400894.jpg,,,,,,,,
1927,1927,400972.jpg,,,,,,,,
1928,1928,401120.jpg,,,,,,,,
1929,1929,401187.jpg,,,,,,,,
1930,1930,401273.jpg,,,,,,,,
1931,1931,401284.jpg,,,,,,,,
1932,1932,401934.jpg,,,,,,,,
1933,1933,401997.jpg,,,,,,,,
1934,1934,402.jpg,,,,,,,,
1935,1935,402159.jpg,,,,,,,,
1936,1936,402181.jpg,,,,,,,,
1937,1937,40244.jpg,,,,,,,,
1938,1938,402653.jpg,,,,,,,,
1939,1939,403157.jpg,,,,,,,,
1940,1940,403338.jpg,,,,,,,,
1941,1941,40354.jpg,,,,,,,,
1942,1942,403626.jpg,,,,,,,,
1943,1943,404046.jpg,,,,,,,,
1944,1944,404088.jpg,,,,,,,,
1945,1945,404186.jpg,,,,,,,,
1946,1946,404330.jpg,,,,,,,,
1947,1947,404537.jpg,,,,,,,,
1948,1948,404538.jpg,,,,,,,,
1949,1949,404550.jpg,,,,,,,,
1950,1950,404629.jpg,,,,,,,,
1951,1951,404691.jpg,,,,,,,,
1952,1952,404728.jpg,,,,,,,,
1953,1953,404778.jpg,,,,,,,,
1954,1954,405018.jpg,,,,,,,,
1955,1955,405277.jpg,,,,,,,,
1956,1956,405325.jpg,,,,,,,,
1957,1957,405568.jpg,,,,,,,,
1958,1958,405571.jpg,,,,,,,,
1959,1959,405686.jpg,,,,,,,,
1960,1960,405870.jpg,,,,,,,,
1961,1961,405926.jpg,,,,,,,,
1962,1962,406.jpg,,,,,,,,
1963,1963,406109.jpg,,,,,,,,
1964,1964,40612.jpg,,,,,,,,
1965,1965,40614.jpg,,,,,,,,
1966,1966,406607.jpg,,,,,,,,
1967,1967,406757.jpg,,,,,,,,
1968,1968,406879.jpg,,,,,,,,
1969,1969,407036.jpg,,,,,,,,
1970,1970,407129.jpg,,,,,,,,
1971,1971,407728.jpg,,,,,,,,
1972,1972,407821.jpg,,,,,,,,
1973,1973,408405.jpg,,,,,,,,
1974,1974,408596.jpg,,,,,,,,
1975,1975,408614.jpg,,,,,,,,
1976,1976,408738.jpg,,,,,,,,
1977,1977,408999.jpg,,,,,,,,
1978,1978,409079.jpg,,,,,,,,
1979,1979,409262.jpg,,,,,,,,
1980,1980,409322.jpg,,,,,,,,
1981,1981,409427.jpg,,,,,,,,
1982,1982,409450.jpg,,,,,,,,
1983,1983,409483.jpg,,,,,,,,
1984,1984,409507.jpg,,,,,,,,
1985,1985,409635.jpg,,,,,,,,
1986,1986,409643.jpg,,,,,,,,
1987,1987,410123.jpg,,,,,,,,
1988,1988,410223.jpg,,,,,,,,
1989,1989,4108.jpg,,,,,,,,
1990,1990,411075.jpg,,,,,,,,
1991,1991,411106.jpg,,,,,,,,
1992,1992,411165.jpg,,,,,,,,
1993,1993,411334.jpg,,,,,,,,
1994,1994,411473.jpg,,,,,,,,
1995,1995,411656.jpg,,,,,,,,
1996,1996,411805.jpg,,,,,,,,
1997,1997,412153.jpg,,,,,,,,
1998,1998,412536.jpg,,,,,,,,
1999,1999,41287.jpg,,,,,,,,
2000,2000,4130.jpg,,,,,,,,
2001,2001,413159.jpg,,,,,,,,
2002,2002,413527.jpg,,,,,,,,
2003,2003,414108.jpg,,,,,,,,
2004,2004,414487.jpg,,,,,,,,
2005,2005,414567.jpg,,,,,,,,
2006,2006,4157.jpg,,,,,,,,
2007,2007,41592.jpg,,,,,,,,
2008,2008,41812.jpg,,,,,,,,
2009,2009,41969.jpg,,,,,,,,
2010,2010,42045.jpg,,,,,,,,
2011,2011,42478.jpg,,,,,,,,
2012,2012,42479.jpg,,,,,,,,
2013,2013,42498.jpg,,,,,,,,
2014,2014,42519.jpg,,,,,,,,
2015,2015,42560.jpg,,,,,,,,
2016,2016,42779.jpg,,,,,,,,
2017,2017,42929.jpg,,,,,,,,
2018,2018,43947.jpg,,,,,,,,
2019,2019,43963.jpg,,,,,,,,
2020,2020,44378.jpg,,,,,,,,
2021,2021,44434.jpg,,,,,,,,
2022,2022,44475.jpg,,,,,,,,
2023,2023,44531.jpg,,,,,,,,
2024,2024,44695.jpg,,,,,,,,
2025,2025,44699.jpg,,,,,,,,
2026,2026,44825.jpg,,,,,,,,
2027,2027,44833.jpg,,,,,,,,
2028,2028,44926.jpg,,,,,,,,
2029,2029,45083.jpg,,,,,,,,
2030,2030,45091.jpg,,,,,,,,
2031,2031,45163.jpg,,,,,,,,
2032,2032,45239.jpg,,,,,,,,
2033,2033,45385.jpg,,,,,,,,
2034,2034,45452.jpg,,,,,,,,
2035,2035,45578.jpg,,,,,,,,
2036,2036,45652.jpg,,,,,,,,
2037,2037,45821.jpg,,,,,,,,
2038,2038,45838.jpg,,,,,,,,
2039,2039,46265.jpg,,,,,,,,
2040,2040,46427.jpg,,,,,,,,
2041,2041,46565.jpg,,,,,,,,
2042,2042,46720.jpg,,,,,,,,
2043,2043,46784.jpg,,,,,,,,
2044,2044,46864.jpg,,,,,,,,
2045,2045,46909.jpg,,,,,,,,
2046,2046,47093.jpg,,,,,,,,
2047,2047,47226.jpg,,,,,,,,
2048,2048,47235.jpg,,,,,,,,
2049,2049,48165.jpg,,,,,,,,
2050,2050,48255.jpg,,,,,,,,
2051,2051,48275.jpg,,,,,,,,
2052,2052,48530.jpg,,,,,,,,
2053,2053,48972.jpg,,,,,,,,
2054,2054,49007.jpg,,,,,,,,
2055,2055,4923.jpg,,,,,,,,
2056,2056,49245.jpg,,,,,,,,
2057,2057,49293.jpg,,,,,,,,
2058,2058,49444.jpg,,,,,,,,
2059,2059,49479.jpg,,,,,,,,
2060,2060,49511.jpg,,,,,,,,
2061,2061,49894.jpg,,,,,,,,
2062,2062,49931.jpg,,,,,,,,
2063,2063,49974.jpg,,,,,,,,
2064,2064,50303.jpg,,,,,,,,
2065,2065,50443.jpg,,,,,,,,
2066,2066,50503.jpg,,,,,,,,
2067,2067,50665.jpg,,,,,,,,
2068,2068,50791.jpg,,,,,,,,
2069,2069,50799.jpg,,,,,,,,
2070,2070,51429.jpg,,,,,,,,
2071,2071,51690.jpg,,,,,,,,
2072,2072,51817.jpg,,,,,,,,
2073,2073,52287.jpg,,,,,,,,
2074,2074,52289.jpg,,,,,,,,
2075,2075,523.jpg,,,,,,,,
2076,2076,52519.jpg,,,,,,,,
2077,2077,52645.jpg,,,,,,,,
2078,2078,52901.jpg,,,,,,,,
2079,2079,53014.jpg,,,,,,,,
2080,2080,53034.jpg,,,,,,,,
2081,2081,53048.jpg,,,,,,,,
2082,2082,5309.jpg,,,,,,,,
2083,2083,53152.jpg,,,,,,,,
2084,2084,53634.jpg,,,,,,,,
2085,2085,53723.jpg,,,,,,,,
2086,2086,53949.jpg,,,,,,,,
2087,2087,54204.jpg,,,,,,,,
2088,2088,54641.jpg,,,,,,,,
2089,2089,54706.jpg,,,,,,,,
2090,2090,54742.jpg,,,,,,,,
2091,2091,54753.jpg,,,,,,,,
2092,2092,54830.jpg,,,,,,,,
2093,2093,55158.jpg,,,,,,,,
2094,2094,55289.jpg,,,,,,,,
2095,2095,55441.jpg,,,,,,,,
2096,2096,55641.jpg,,,,,,,,
2097,2097,55816.jpg,,,,,,,,
2098,2098,5583.jpg,,,,,,,,
2099,2099,56300.jpg,,,,,,,,
2100,2100,56450.jpg,,,,,,,,
2101,2101,5665.jpg,,,,,,,,
2102,2102,56758.jpg,,,,,,,,
2103,2103,568.jpg,,,,,,,,
2104,2104,56926.jpg,,,,,,,,
2105,2105,5728.jpg,,,,,,,,
2106,2106,57820.jpg,,,,,,,,
2107,2107,57951.jpg,,,,,,,,
2108,2108,58912.jpg,,,,,,,,
2109,2109,58938.jpg,,,,,,,,
2110,2110,59357.jpg,,,,,,,,
2111,2111,59463.jpg,,,,,,,,
2112,2112,5956.jpg,,,,,,,,
2113,2113,59613.jpg,,,,,,,,
2114,2114,59685.jpg,,,,,,,,
2115,2115,59776.jpg,,,,,,,,
2116,2116,59786.jpg,,,,,,,,
2117,2117,5979.jpg,,,,,,,,
2118,2118,59797.jpg,,,,,,,,
2119,2119,59819.jpg,,,,,,,,
2120,2120,59995.jpg,,,,,,,,
2121,2121,60089.jpg,,,,,,,,
2122,2122,60142.jpg,,,,,,,,
2123,2123,60229.jpg,,,,,,,,
2124,2124,6045.jpg,,,,,,,,
2125,2125,60478.jpg,,,,,,,,
2126,2126,60526.jpg,,,,,,,,
2127,2127,60706.jpg,,,,,,,,
2128,2128,60780.jpg,,,,,,,,
2129,2129,60793.jpg,,,,,,,,
2130,2130,60901.jpg,,,,,,,,
2131,2131,60988.jpg,,,,,,,,
2132,2132,61087.jpg,,,,,,,,
2133,2133,61105.jpg,,,,,,,,
2134,2134,61198.jpg,,,,,,,,
2135,2135,61275.jpg,,,,,,,,
2136,2136,61472.jpg,,,,,,,,
2137,2137,61618.jpg,,,,,,,,
2138,2138,6165.jpg,,,,,,,,
2139,2139,61835.jpg,,,,,,,,
2140,2140,62182.jpg,,,,,,,,
2141,2141,6220.jpg,,,,,,,,
2142,2142,62351.jpg,,,,,,,,
2143,2143,62465.jpg,,,,,,,,
2144,2144,62533.jpg,,,,,,,,
2145,2145,62551.jpg,,,,,,,,
2146,2146,62706.jpg,,,,,,,,
2147,2147,62724.jpg,,,,,,,,
2148,2148,62824.jpg,,,,,,,,
2149,2149,62978.jpg,,,,,,,,
2150,2150,63005.jpg,,,,,,,,
2151,2151,63034.jpg,,,,,,,,
2152,2152,63075.jpg,,,,,,,,
2153,2153,63534.jpg,,,,,,,,
2154,2154,63773.jpg,,,,,,,,
2155,2155,63876.jpg,,,,,,,,
2156,2156,64010.jpg,,,,,,,,
2157,2157,64240.jpg,,,,,,,,
2158,2158,64469.jpg,,,,,,,,
2159,2159,6451.jpg,,,,,,,,
2160,2160,64785.jpg,,,,,,,,
2161,2161,64941.jpg,,,,,,,,
2162,2162,65252.jpg,,,,,,,,
2163,2163,65432.jpg,,,,,,,,
2164,2164,66009.jpg,,,,,,,,
2165,2165,66311.jpg,,,,,,,,
2166,2166,6660.jpg,,,,,,,,
2167,2167,66643.jpg,,,,,,,,
2168,2168,67063.jpg,,,,,,,,
2169,2169,67115.jpg,,,,,,,,
2170,2170,67148.jpg,,,,,,,,
2171,2171,67202.jpg,,,,,,,,
2172,2172,67524.jpg,,,,,,,,
2173,2173,67701.jpg,,,,,,,,
2174,2174,67848.jpg,,,,,,,,
2175,2175,68195.jpg,,,,,,,,
2176,2176,68258.jpg,,,,,,,,
2177,2177,684.jpg,,,,,,,,
2178,2178,68738.jpg,,,,,,,,
2179,2179,6929.jpg,,,,,,,,
2180,2180,69552.jpg,,,,,,,,
2181,2181,69637.jpg,,,,,,,,
2182,2182,6999.jpg,,,,,,,,
2183,2183,70010.jpg,,,,,,,,
2184,2184,70024.jpg,,,,,,,,
2185,2185,70289.jpg,,,,,,,,
2186,2186,70636.jpg,,,,,,,,
2187,2187,70730.jpg,,,,,,,,
2188,2188,71325.jpg,,,,,,,,
2189,2189,71395.jpg,,,,,,,,
2190,2190,71672.jpg,,,,,,,,
2191,2191,71737.jpg,,,,,,,,
2192,2192,71741.jpg,,,,,,,,
2193,2193,71794.jpg,,,,,,,,
2194,2194,71872.jpg,,,,,,,,
2195,2195,7226.jpg,,,,,,,,
2196,2196,7254.jpg,,,,,,,,
2197,2197,72672.jpg,,,,,,,,
2198,2198,72925.jpg,,,,,,,,
2199,2199,72938.jpg,,,,,,,,
2200,2200,73028.jpg,,,,,,,,
2201,2201,73089.jpg,,,,,,,,
2202,2202,73185.jpg,,,,,,,,
2203,2203,73205.jpg,,,,,,,,
2204,2204,73266.jpg,,,,,,,,
2205,2205,73548.jpg,,,,,,,,
2206,2206,73549.jpg,,,,,,,,
2207,2207,73799.jpg,,,,,,,,
2208,2208,73862.jpg,,,,,,,,
2209,2209,73936.jpg,,,,,,,,
2210,2210,7402.jpg,,,,,,,,
2211,2211,74115.jpg,,,,,,,,
2212,2212,74232.jpg,,,,,,,,
2213,2213,74416.jpg,,,,,,,,
2214,2214,74643.jpg,,,,,,,,
2215,2215,74832.jpg,,,,,,,,
2216,2216,74902.jpg,,,,,,,,
2217,2217,751.jpg,,,,,,,,
2218,2218,75177.jpg,,,,,,,,
2219,2219,75295.jpg,,,,,,,,
2220,2220,75521.jpg,,,,,,,,
2221,2221,75524.jpg,,,,,,,,
2222,2222,75538.jpg,,,,,,,,
2223,2223,75607.jpg,,,,,,,,
2224,2224,7562.jpg,,,,,,,,
2225,2225,75864.jpg,,,,,,,,
2226,2226,75931.jpg,,,,,,,,
2227,2227,75944.jpg,,,,,,,,
2228,2228,76176.jpg,,,,,,,,
2229,2229,76368.jpg,,,,,,,,
2230,2230,76401.jpg,,,,,,,,
2231,2231,76497.jpg,,,,,,,,
2232,2232,76504.jpg,,,,,,,,
2233,2233,76528.jpg,,,,,,,,
2234,2234,76716.jpg,,,,,,,,
2235,2235,77006.jpg,,,,,,,,
2236,2236,7715.jpg,,,,,,,,
2237,2237,7728.jpg,,,,,,,,
2238,2238,77433.jpg,,,,,,,,
2239,2239,77770.jpg,,,,,,,,
2240,2240,78175.jpg,,,,,,,,
2241,2241,7819.jpg,,,,,,,,
2242,2242,78282.jpg,,,,,,,,
2243,2243,7842.jpg,,,,,,,,
2244,2244,78478.jpg,,,,,,,,
2245,2245,7864.jpg,,,,,,,,
2246,2246,78695.jpg,,,,,,,,
2247,2247,79184.jpg,,,,,,,,
2248,2248,79428.jpg,,,,,,,,
2249,2249,79437.jpg,,,,,,,,
2250,2250,79609.jpg,,,,,,,,
2251,2251,79642.jpg,,,,,,,,
2252,2252,80143.jpg,,,,,,,,
2253,2253,80534.jpg,,,,,,,,
2254,2254,80688.jpg,,,,,,,,
2255,2255,80822.jpg,,,,,,,,
2256,2256,80864.jpg,,,,,,,,
2257,2257,80879.jpg,,,,,,,,
2258,2258,81019.jpg,,,,,,,,
2259,2259,81070.jpg,,,,,,,,
2260,2260,81224.jpg,,,,,,,,
2261,2261,81243.jpg,,,,,,,,
2262,2262,81249.jpg,,,,,,,,
2263,2263,8132.jpg,,,,,,,,
2264,2264,81615.jpg,,,,,,,,
2265,2265,8174.jpg,,,,,,,,
2266,2266,81801.jpg,,,,,,,,
2267,2267,81971.jpg,,,,,,,,
2268,2268,82534.jpg,,,,,,,,
2269,2269,82657.jpg,,,,,,,,
2270,2270,82663.jpg,,,,,,,,
2271,2271,8286.jpg,,,,,,,,
2272,2272,82943.jpg,,,,,,,,
2273,2273,834.jpg,,,,,,,,
2274,2274,83516.jpg,,,,,,,,
2275,2275,8369.jpg,,,,,,,,
2276,2276,84002.jpg,,,,,,,,
2277,2277,84153.jpg,,,,,,,,
2278,2278,84444.jpg,,,,,,,,
2279,2279,84567.jpg,,,,,,,,
2280,2280,84787.jpg,,,,,,,,
2281,2281,85478.jpg,,,,,,,,
2282,2282,85600.jpg,,,,,,,,
2283,2283,86309.jpg,,,,,,,,
2284,2284,86994.jpg,,,,,,,,
2285,2285,87571.jpg,,,,,,,,
2286,2286,87580.jpg,,,,,,,,
2287,2287,87644.jpg,,,,,,,,
2288,2288,87955.jpg,,,,,,,,
2289,2289,88154.jpg,,,,,,,,
2290,2290,8874.jpg,,,,,,,,
2291,2291,8890.jpg,,,,,,,,
2292,2292,88904.jpg,,,,,,,,
2293,2293,89087.jpg,,,,,,,,
2294,2294,89094.jpg,,,,,,,,
2295,2295,89217.jpg,,,,,,,,
2296,2296,89688.jpg,,,,,,,,
2297,2297,89902.jpg,,,,,,,,
2298,2298,90214.jpg,,,,,,,,
2299,2299,90231.jpg,,,,,,,,
2300,2300,9037.jpg,,,,,,,,
2301,2301,90601.jpg,,,,,,,,
2302,2302,90812.jpg,,,,,,,,
2303,2303,91019.jpg,,,,,,,,
2304,2304,91073.jpg,,,,,,,,
2305,2305,91107.jpg,,,,,,,,
2306,2306,9115.jpg,,,,,,,,
2307,2307,91517.jpg,,,,,,,,
2308,2308,91564.jpg,,,,,,,,
2309,2309,91739.jpg,,,,,,,,
2310,2310,9181.jpg,,,,,,,,
2311,2311,92021.jpg,,,,,,,,
2312,2312,92055.jpg,,,,,,,,
2313,2313,92066.jpg,,,,,,,,
2314,2314,92133.jpg,,,,,,,,
2315,2315,92177.jpg,,,,,,,,
2316,2316,92576.jpg,,,,,,,,
2317,2317,92631.jpg,,,,,,,,
2318,2318,92742.jpg,,,,,,,,
2319,2319,92750.jpg,,,,,,,,
2320,2320,92862.jpg,,,,,,,,
2321,2321,9294.jpg,,,,,,,,
2322,2322,92969.jpg,,,,,,,,
2323,2323,93206.jpg,,,,,,,,
2324,2324,93271.jpg,,,,,,,,
2325,2325,93529.jpg,,,,,,,,
2326,2326,93558.jpg,,,,,,,,
2327,2327,93600.jpg,,,,,,,,
2328,2328,93604.jpg,,,,,,,,
2329,2329,93611.jpg,,,,,,,,
2330,2330,94046.jpg,,,,,,,,
2331,2331,94070.jpg,,,,,,,,
2332,2332,94417.jpg,,,,,,,,
2333,2333,94595.jpg,,,,,,,,
2334,2334,94857.jpg,,,,,,,,
2335,2335,94946.jpg,,,,,,,,
2336,2336,9500.jpg,,,,,,,,
2337,2337,95063.jpg,,,,,,,,
2338,2338,95309.jpg,,,,,,,,
2339,2339,95480.jpg,,,,,,,,
2340,2340,95580.jpg,,,,,,,,
2341,2341,95975.jpg,,,,,,,,
2342,2342,9600.jpg,,,,,,,,
2343,2343,96176.jpg,,,,,,,,
2344,2344,96283.jpg,,,,,,,,
2345,2345,96313.jpg,,,,,,,,
2346,2346,96624.jpg,,,,,,,,
2347,2347,9680.jpg,,,,,,,,
2348,2348,96813.jpg,,,,,,,,
2349,2349,97167.jpg,,,,,,,,
2350,2350,97268.jpg,,,,,,,,
2351,2351,974.jpg,,,,,,,,
2352,2352,97419.jpg,,,,,,,,
2353,2353,9748.jpg,,,,,,,,
2354,2354,97663.jpg,,,,,,,,
2355,2355,97739.jpg,,,,,,,,
2356,2356,97812.jpg,,,,,,,,
2357,2357,97975.jpg,,,,,,,,
2358,2358,98055.jpg,,,,,,,,
2359,2359,98126.jpg,,,,,,,,
2360,2360,9815.jpg,,,,,,,,
2361,2361,9833.jpg,,,,,,,,
2362,2362,9837.jpg,,,,,,,,
2363,2363,98406.jpg,,,,,,,,
2364,2364,98606.jpg,,,,,,,,
2365,2365,9871.jpg,,,,,,,,
2366,2366,98793.jpg,,,,,,,,
2367,2367,99496.jpg,,,,,,,,
2368,2368,99559.jpg,,,,,,,,
2369,2369,99707.jpg,,,,,,,,
2370,2370,99776.jpg,,,,,,,,
